,URL,Datetime,Tweet Id,Text,Username
0,https://twitter.com/jairbolsonaro,2022-09-08 23:16:53+00:00,128372940,https://t.co/gBE5nGXImV,jairbolsonaro
1,https://twitter.com/jairbolsonaro,2022-09-08 22:00:14+00:00,128372940,- Live da semana / PR Jair Bolsonaro (08/09/2022). https://t.co/20BYtFwYyh,jairbolsonaro
2,https://twitter.com/jairbolsonaro,2022-09-08 19:45:06+00:00,128372940,"- Nesta data triste para o mundo, decretamos tr√™s dias de luto oficial e convidamos todo o povo brasileiro a prestar homenagens √† Rainha Elizabeth II.

- DEUS SALVE A RAINHA! https://t.co/4NB5GPJ9fy",jairbolsonaro
3,https://twitter.com/jairbolsonaro,2022-09-08 19:43:03+00:00,128372940,"- Muitas vezes, a eternidade nos surpreende, tirando de n√≥s aqueles que amamos, mas, hoje, foi a vez da eternidade ser surpreendida, com a gloriosa chegada de Sua Alteza a Rainha do Reino Unido. Que Deus a receba em sua infinita bondade e conforte sua fam√≠lia e o povo brit√¢nico.",jairbolsonaro
4,https://twitter.com/jairbolsonaro,2022-09-08 19:43:03+00:00,128372940,"- √â com grande pesar e como√ß√£o que o Brasil recebe a not√≠cia do falecimento de Sua Majestade a Rainha Elizabeth II, uma mulher extraordin√°ria e singular, cujo exemplo de lideran√ßa, de humildade e de amor √† p√°tria seguir√° inspirando a n√≥s e ao mundo inteiro at√© o fim dos tempos.",jairbolsonaro
5,https://twitter.com/jairbolsonaro,2022-09-08 19:43:03+00:00,128372940,"""Quando a vida parece dif√≠cil, os corajosos n√£o se deitam e aceitam a derrota; em vez disso, est√£o ainda mais determinados a lutar por um futuro melhor""

- Com tais palavras, Rainha Elizabeth II mostra por que n√£o foi apenas a Rainha dos brit√¢nicos, mas uma rainha para todos n√≥s.",jairbolsonaro
6,https://twitter.com/jairbolsonaro,2022-09-08 16:39:29+00:00,128372940,"- Vale lembrar que o Governo Federal entregou mais de 1.200.000 resid√™ncias alcan√ßando mais de 5.000.000 de pessoas por todo Brasil, via Programa Casa Verde Amarela e conclus√µes de conjuntos habitacionais inacabados por governos anteriores.",jairbolsonaro
7,https://twitter.com/jairbolsonaro,2022-09-08 16:39:29+00:00,128372940,"- Lan√ßamento de  mais um Programa Social, mostrando novamente preocupa√ß√£o com as fam√≠lias de baixa renda do nosso Brasil.",jairbolsonaro
8,https://twitter.com/jairbolsonaro,2022-09-08 16:39:28+00:00,128372940,"- Governo Federal lan√ßou ""Programa Aproxima"" (2021), que disponibiliza im√≥veis p√∫blicos para habita√ß√£o social.

- Iniciativa oferece √† fam√≠lias de baixa renda a oportunidade de ter a casa pr√≥pria por meio de im√≥veis p√∫blicos desocupados em √°reas urbanas de grande movimenta√ß√£o.",jairbolsonaro
9,https://twitter.com/jairbolsonaro,2022-09-08 09:48:33+00:00,128372940,"- Isso vai garantir R$ 850 milh√µes em investimentos e gerar mais de 1.500 novos empregos. Al√©m disso, a opera√ß√£o de privatiza√ß√£o trar√° maior efici√™ncia e competitividade aos portos do estado.",jairbolsonaro
10,https://twitter.com/jairbolsonaro,2022-09-08 09:48:31+00:00,128372940,"- ESP√çRITO SANTO / BRASIL: Na semana do bicenten√°rio da independ√™ncia do Brasil, estamos mais uma vez fazendo hist√≥ria. Hoje, assinamos o contrato de desestatiza√ß√£o da Companhia Docas do Esp√≠rito Santo, passando para o prIvado, pela primeira vez, a opera√ß√£o de um porto federal. https://t.co/VU9zbuRnBi",jairbolsonaro
11,https://twitter.com/jairbolsonaro,2022-09-08 04:21:24+00:00,128372940,- Obrigado?! https://t.co/lBjjhFKPst,jairbolsonaro
12,https://twitter.com/jairbolsonaro,2022-09-08 00:24:32+00:00,128372940,https://t.co/Fjl7olHXJ4 https://t.co/xfYQBNA8db,jairbolsonaro
13,https://twitter.com/jairbolsonaro,2022-09-07 23:51:25+00:00,128372940,"- VOSSOS PEITOS, VOSSOS BRA√áOS, S√ÉO MURALHAS DO BRASIL! üáßüá∑ https://t.co/xLTwxn3KzR",jairbolsonaro
14,https://twitter.com/jairbolsonaro,2022-09-07 22:42:46+00:00,128372940,"- Parab√©ns a todos por promoverem neste 7 de setembro de 2022 uma das maiores e mais lindas festas j√° vistas nos √∫ltimos 200 anos e em todo o planeta! Voc√™s mostraram ao mundo a beleza e grandeza do nosso pa√≠s. INDEPEND√äNCIA OU MORTE! ONTEM, HOJE E POR TODA ETERNIDADE! üáßüá∑",jairbolsonaro
15,https://twitter.com/jairbolsonaro,2022-09-07 22:42:46+00:00,128372940,"- Por isso, atacar nossos valores √© uma das formas mais covardes de promover a desuni√£o. Por isso, lutarei at√© o fim da minha vida para proteger os valores e as tradi√ß√µes do nosso povo, para que sejamos uma na√ß√£o cada vez mais unida, de modo que ningu√©m seja capaz de dividi-la.",jairbolsonaro
16,https://twitter.com/jairbolsonaro,2022-09-07 22:42:45+00:00,128372940,"- Repito: numa √∫nica fam√≠lia brasileira h√° mais diversidade do que em muitas na√ß√µes. Est√° em nosso DNA lidar com as diferen√ßas e contradi√ß√µes, porque somos frutos delas. N√£o √© uma ra√ßa, sexo ou classe que nos une como povo, s√£o os valores que carregamos dentro de cada um de n√≥s.",jairbolsonaro
17,https://twitter.com/jairbolsonaro,2022-09-07 22:42:45+00:00,128372940,"- Nossa P√°tria √© gigante e aben√ßoada. Na pr√°tica, somos v√°rios brasis dentro de um s√≥. E, apesar dos altos e baixos da hist√≥ria, seguimos unidos na preserva√ß√£o de nossa soberania e liberdade. O Brasil era imposs√≠vel, mas se tornou real: somos um milagre em forma de na√ß√£o.",jairbolsonaro
18,https://twitter.com/jairbolsonaro,2022-09-07 22:42:44+00:00,128372940,"- Se antes falavam que √©ramos uma na√ß√£o adormecida, hoje posso dizer que o Brasil acordou e est√° cada vez mais consciente do potencial que possui. Ningu√©m no mundo tem o que n√≥s temos: nossos recursos, nossas riquezas, nossas florestas e nosso povo trabalhador e miscigenado.",jairbolsonaro
19,https://twitter.com/jairbolsonaro,2022-09-07 22:42:44+00:00,128372940,"- H√° muito n√£o se via tantas pessoas emocionadas, festejando com alegria a nossa Independ√™ncia. Essa emo√ß√£o contagiou a todos n√≥s. Imposs√≠vel conter as l√°grimas e n√£o pensar no quanto o nosso pa√≠s √© maravilhoso, mesmo com todas as dificuldades que enfrentamos no dia a dia.",jairbolsonaro
20,https://twitter.com/jairbolsonaro,2022-09-07 22:42:43+00:00,128372940,"- Mais uma vez o nosso povo mostrou a todos aqueles que duvidam de sua capacidade e integridade n√£o apenas a for√ßa que possui, mas tamb√©m o esp√≠rito pac√≠fico e ordeiro que carrega em seu cora√ß√£o. O mundo p√¥de assistir novamente a uma celebra√ß√£o de uni√£o, esperan√ßa e liberdade.",jairbolsonaro
21,https://twitter.com/jairbolsonaro,2022-09-07 22:42:43+00:00,128372940,"- √â dif√≠cil imaginar o que se passou pela cabe√ßa de Dom Pedro I ao proclamar a Independ√™ncia do Brasil, mas n√£o tenho d√∫vida de que, em seu cora√ß√£o, queimava a mesma chama de amor e orgulho que hoje preencheu o peito de cada brasileiro em cada lugar do nosso imenso pa√≠s.",jairbolsonaro
22,https://twitter.com/jairbolsonaro,2022-09-07 22:42:42+00:00,128372940,"- Hoje, mais do que nunca, pudemos assistir e sentir o despertar do patriotismo e do profundo amor pelo Brasil. As ruas foram tomadas pelas cores de nossa linda bandeira e nosso glorioso hino nacional foi cantado por milh√µes de homens e mulheres, de todas idades, classes e cores.",jairbolsonaro
23,https://twitter.com/jairbolsonaro,2022-09-07 21:33:08+00:00,128372940,"- Rio de Janeiro / RJ
- Bicenten√°rio da Independ√™ncia (07/set/22) https://t.co/roHTlG4TJH",jairbolsonaro
24,https://twitter.com/jairbolsonaro,2022-09-07 18:54:05+00:00,128372940,"- VIVA A NOSSA LIBERDADE! üáßüá∑
- Bras√≠lia (07/set/22) https://t.co/Gf35kEHYq6",jairbolsonaro
25,https://twitter.com/jairbolsonaro,2022-09-07 17:14:40+00:00,128372940,- Atualiza√ß√µes do dia realizadas em nosso canal no Telegram: https://t.co/O8KTejUGuL https://t.co/XpaVeCG9lk,jairbolsonaro
26,https://twitter.com/jairbolsonaro,2022-09-07 15:17:51+00:00,128372940,"- Bicenten√°rio da Independ√™ncia do Brasil (07/set/22)

- Bras√≠lia / DF https://t.co/q3MQ8LsJ75",jairbolsonaro
27,https://twitter.com/jairbolsonaro,2022-09-07 07:12:57+00:00,128372940,- J√Å RAIOU A LIBERDADE NO HORIZONTE DO BRASIL! üáßüá∑ https://t.co/neyJRQ4QNB,jairbolsonaro
28,https://twitter.com/jairbolsonaro,2022-09-06 23:36:52+00:00,128372940,"- Tenha certeza que eu e meu governo estamos prontos para trabalhar com a senhora e com o seu governos no fortalecimento de nossas rela√ß√µes e na constru√ß√£o de uma parceira cada vez mais s√≥lida, com destaque para a economia, o com√©rcio e a defesa da democracia. üáßüá∑ü§ùüá¨üáß",jairbolsonaro
29,https://twitter.com/jairbolsonaro,2022-09-06 23:36:51+00:00,128372940,- Nossos cumprimentos √† Liz Truss (@trussliz) por ter sido escolhida para liderar o Partido Conservador e para ser a pr√≥xima Primeira-Ministra do Reino Unido. Nossos povos compartilham o apre√ßo pela soberania e pela liberdade e poder√£o realizar muito atrav√©s da coopera√ß√£o.,jairbolsonaro
30,https://twitter.com/jairbolsonaro,2022-09-06 21:31:00+00:00,128372940,"- Mesmo em meio a todo o caos, pude sentir o apoio de cada brasileiro. Desde ent√£o, esse apoio tem sido fundamental para permanecermos de p√© e vencermos grandes desafios. Por isso, estarei sempre ao lado do povo. S√≥ assim poderemos seguir construindo o futuro que sempre sonhamos!",jairbolsonaro
31,https://twitter.com/jairbolsonaro,2022-09-06 21:31:00+00:00,128372940,"- Foram momentos de muita dor e sofrimento. Nos minutos de consci√™ncia, o que surgia na mem√≥ria era a minha filha pequena. Mas gra√ßas √†s ora√ß√µes de milh√µes de brasileiros, ao incr√≠vel trabalho dos profissionais da Santa Casa e a vontade de Deus, fui presenteado com uma nova vida.",jairbolsonaro
32,https://twitter.com/jairbolsonaro,2022-09-06 21:30:59+00:00,128372940,"- H√° exatos quatro anos, eu vivia um milagre em Juiz de Fora-MG. Uma tentativa de assassinato promovida por um militante de esquerda tentava me tirar das elei√ß√µes. Um atentado n√£o s√≥ contra mim, mas contra todos aqueles que acreditavam em mim. Um atentado contra a democracia.",jairbolsonaro
33,https://twitter.com/jairbolsonaro,2022-09-06 20:19:53+00:00,128372940,- üëÄ https://t.co/aYDH0yQRw6,jairbolsonaro
34,https://twitter.com/jairbolsonaro,2022-09-06 18:53:57+00:00,128372940,"- Amanh√£, dia 7, celebraremos os 200 anos de nossa independ√™ncia e a nossa sagrada liberdade!

- Estarei, pela manh√£, em Bras√≠lia e, na parte da tarde, no Rio de Janeiro.

- Pe√ßo que todos compare√ßam, para fazermos uma grande festa e expressarmos o nosso amor pelo Brasil!",jairbolsonaro
35,https://twitter.com/jairbolsonaro,2022-09-06 18:53:56+00:00,128372940,"- A quem estiver em Bras√≠lia hoje, ter√ßa, comunico que ocorrer√°, a partir de 23h, na Torre de TV, o in√≠cio das festividades do 7 de Setembro.

- Por volta de 0h, um espet√°culo de fogos de artif√≠cio com as cores do Brasil iluminar√° o c√©u da cidade.

- Todos podem comparecer!",jairbolsonaro
36,https://twitter.com/jairbolsonaro,2022-09-06 16:08:54+00:00,128372940,https://t.co/ViakGI25XM,jairbolsonaro
37,https://twitter.com/jairbolsonaro,2022-09-06 12:16:22+00:00,128372940,"- Patamares menores que o governo do PT, sem guerra que atualmente atinge a economia de todo o mundo e sem os reflexos do ‚Äúfique em casa que a economia a gente v√™ depois‚Äù, causados por muitos governantes durante a pandemia.",jairbolsonaro
38,https://twitter.com/jairbolsonaro,2022-09-06 12:16:22+00:00,128372940,"Pela 10¬™ semana seguida, o mercado reduziu a proje√ß√£o de infla√ß√£o, que agora est√° em 5,27%. Enquanto isso, o PIB cresce tendo o s√©timo maior crescimento do mundo no segundo trimestre e o desemprego cai a menos de dois d√≠gitos (9,1%).",jairbolsonaro
39,https://twitter.com/jairbolsonaro,2022-09-06 00:47:11+00:00,128372940,"- Uma a√ß√£o autorit√°ria nunca √© assim chamada por seu autor. Pelo contr√°rio, ela aparenta combater supostas amea√ßas para que seja legitimada. Assim, abusos podem ser cometidos sob o pretexto de enfrentar abusos. Esse √© o mal das apar√™ncias, elas favorecem os verdadeiros tiranos.",jairbolsonaro
40,https://twitter.com/jairbolsonaro,2022-09-06 00:47:10+00:00,128372940,"- O pior dos discursos jamais ser√° mais grave do que a menor das viola√ß√µes de direitos, mesmo fantasiada de justi√ßa. Na hist√≥ria, persegui√ß√µes sempre foram fundamentadas desta forma e promovidas gradativamente. O final inevit√°vel deste caminho autorit√°rio √© a completa tirania.",jairbolsonaro
41,https://twitter.com/jairbolsonaro,2022-09-06 00:47:10+00:00,128372940,"- Durante meu governo estivemos sempre ao lado do povo. Nenhuma das medidas que atentaram e atentam contra a Constitui√ß√£o e a liberdade dos brasileiros foi tomada por n√≥s. Pelo contr√°rio, fomos escravos da verdadeira carta de nossa democracia. A realidade sobrep√µe as apar√™ncias.",jairbolsonaro
42,https://twitter.com/jairbolsonaro,2022-09-06 00:47:09+00:00,128372940,"- Sei que a forma que me expresso pode n√£o agradar. Infelizmente √© o meu jeito. Nasci e vou morrer assim. Mas a beleza da verdade est√° em si e n√£o em sua apar√™ncia, por isso a verdade dura sempre ser√° melhor do que a mentira af√°vel. E, maior que nossas palavras, s√£o nossas a√ß√µes.",jairbolsonaro
43,https://twitter.com/jairbolsonaro,2022-09-06 00:47:09+00:00,128372940,"- Na apar√™ncia, o mal pode ser facilmente confundido com o bem. A vantagem acaba sendo de quem finge mais. Eu poderia muito bem me adequar a isso e me tornar a voz do establishment, mas jamais trocaria a minha alma e a minha consci√™ncia pelo aplauso de meia d√∫zia de vagabundos.",jairbolsonaro
44,https://twitter.com/jairbolsonaro,2022-09-06 00:47:08+00:00,128372940,"- Esse mundo afastou os brasileiros e seus valores das decis√µes pol√≠ticas do pa√≠s, permitiu florescer em nosso solo um dos maiores esquemas de corrup√ß√£o do planeta e fez com que alcan√ß√°ssemos n√≠veis de viol√™ncia semelhantes a na√ß√µes em guerra civil. Estes n√£o s√£o sintomas de paz!",jairbolsonaro
45,https://twitter.com/jairbolsonaro,2022-09-06 00:47:08+00:00,128372940,"- Durante muito tempo o Brasil viveu num mundo de apar√™ncias, anestesiado por uma falsa sensa√ß√£o de paz e harmonia propagada pela m√≠dia, onde pol√≠ticos, com palavras agrad√°veis, falavam o que o povo queria ouvir, enquanto, no apagar das luzes, conspiravam contra esse mesmo povo.",jairbolsonaro
46,https://twitter.com/jairbolsonaro,2022-09-05 17:12:13+00:00,128372940,https://t.co/O4YHDPlCTH,jairbolsonaro
47,https://twitter.com/jairbolsonaro,2022-09-05 10:00:11+00:00,128372940,"- Em 2018, a barragem de Jati- CE n√£o recebia nenhuma gota de √°gua do S√£o Francisco. Agora ela armazena 28 bilh√µes de litros alcan√ßando os mais necessitados, al√©m de impulsionar a economia regional com gera√ß√£o de empregos diretos e indiretos.",jairbolsonaro
48,https://twitter.com/jairbolsonaro,2022-09-05 10:00:10+00:00,128372940,"- O Governo Federal foi respons√°vel por corrigir erros do passado, concluir os Eixos principais da Transposi√ß√£o e retomar os ramais abandonados. https://t.co/DrKVPCSIPv",jairbolsonaro
49,https://twitter.com/jairbolsonaro,2022-09-05 02:14:02+00:00,128372940,- JB üëç.,jairbolsonaro
50,https://twitter.com/jairbolsonaro,2022-09-04 23:57:08+00:00,128372940,"- Cada Esta√ß√£o Cidadania disp√µe de gin√°sio poliesportivo, administra√ß√£o, sala de professores, vesti√°rios, enfermaria, academia e sanit√°rio p√∫blico. A depender do modelo, pode haver pista de atletismo e quadra poliesportiva. O espa√ßo recebe modalidades ol√≠mpicas e paral√≠mpicas.",jairbolsonaro
51,https://twitter.com/jairbolsonaro,2022-09-04 23:57:08+00:00,128372940,"- Entre as 4.400 obras, 60 s√£o unidades das Esta√ß√µes Cidadania, edificadas em regi√µes de vulnerabilidade social em munic√≠pios de 16 estados.",jairbolsonaro
52,https://twitter.com/jairbolsonaro,2022-09-04 23:57:07+00:00,128372940,"- INFRAESTRUTURA ESPORTIVA
Brasil supera marca de 4,4 mil obras de infraestrutura esportiva conclu√≠das.

- S√£o gin√°sios, pistas de atletismo, campos de futebol, piscinas, academias ao ar livre, est√°dios, espa√ßos poliesportivos, pistas de skate, quadras de t√™nis e campos.",jairbolsonaro
53,https://twitter.com/jairbolsonaro,2022-09-04 22:01:55+00:00,128372940,- Mais not√≠cias deste domingo atualizadas em nosso Telegram. Seja bem-vindo! üëçüèªüáßüá∑! https://t.co/O8KTejUGuL https://t.co/IQwqR2EJac,jairbolsonaro
54,https://twitter.com/jairbolsonaro,2022-09-04 16:37:24+00:00,128372940,https://t.co/nrFfQy8LpX,jairbolsonaro
55,https://twitter.com/jairbolsonaro,2022-09-04 11:39:15+00:00,128372940,"- Em setembro de 2021, o Governo Federal realizou o primeiro leil√£o de energia a partir dos res√≠duos s√≥lidos, com investimentos de mais de R$ 500 milh√µes.

Mais informa√ß√µes https://t.co/fDrV2boAqK

 e 

https://t.co/HWCNyhMMNL",jairbolsonaro
56,https://twitter.com/jairbolsonaro,2022-09-04 11:39:15+00:00,128372940,"- Marco do Saneamento: üáßüá∑ desativa 600 lix√µes em um ano.

- O encerramento de lix√µes vem sendo promovido pelo Programa Lix√£o Zero, lan√ßado em 2019.

- Outro objetivo do Programa √© o reaproveitamento e reciclagem. Entre as a√ß√µes, est√£o investimentos em gera√ß√£o de energia.",jairbolsonaro
57,https://twitter.com/jairbolsonaro,2022-09-03 23:52:42+00:00,128372940,https://t.co/587vZcrvdf,jairbolsonaro
58,https://twitter.com/jairbolsonaro,2022-09-03 17:03:35+00:00,128372940,- Rio Grande do Sul (03/09/2022) https://t.co/SPG7GjSC9D,jairbolsonaro
59,https://twitter.com/jairbolsonaro,2022-09-03 14:01:33+00:00,128372940,"- Itaipu Binacional gerando o que jamais trouxe ao Brasil: recorde de Investimentos concretos.

- A diferen√ßa de loteamento pol√≠tico para trabalho trazendo resultados. https://t.co/aUtg5i6C9T",jairbolsonaro
60,https://twitter.com/jairbolsonaro,2022-09-03 10:11:28+00:00,128372940,"- CEAR√Å: os reflexos positivos da Transposi√ß√£o do Rio S√£o Francisco chegam aos olhos de todos, assim como os avan√ßos da Ferrovia Transnordestina. https://t.co/IME6EbFVl3",jairbolsonaro
61,https://twitter.com/LulaOficial,2022-09-08 23:55:05+00:00,2670726740,O Brasil n√£o merece um presidente que debocha de mais de 680 mil vidas perdidas com a Covid-19. Assista ao programa do Lula na TV de hoje. #EquipeLula https://t.co/estXzJRBht,LulaOficial
62,https://twitter.com/LulaOficial,2022-09-08 23:22:32+00:00,2670726740,"Eu quero que o Rio de Janeiro apare√ßa nos jornais pela qualidade da educa√ß√£o, da comida, do emprego. E n√£o as p√°ginas policiais com crian√ßas sendo mortas por bala perdida, porque esse presidente faz propaganda das armas. Nosso pa√≠s deve ser humanista e fraterno.",LulaOficial
63,https://twitter.com/LulaOficial,2022-09-08 23:01:45+00:00,2670726740,"Companheiro @MarceloFreixo, se prepare. Sei que voc√™ quer fazer algo moderno no Rio de Janeiro, ent√£o te digo: pode preparar um projeto, porque n√≥s vamos conversar e voltar a investir no povo da Baixada Fluminense.",LulaOficial
64,https://twitter.com/LulaOficial,2022-09-08 22:54:35+00:00,2670726740,"A gente quer que nossos filhos tenham roupa nova, comida boa. Que nossa fam√≠lia seja respeitada. Queremos viver bem, morar bem. Acabaram com o Minha Casa Minha Vida pra criar uma Casa Verde e Amarela que ningu√©m sabe onde tem.",LulaOficial
65,https://twitter.com/LulaOficial,2022-09-08 22:52:07+00:00,2670726740,Um presidente da Rep√∫blica tem que ter um time. E o meu time s√£o candidatos a deputado que v√£o me ajudar a desfazer aquilo que Temer e Bolsonaro fizeram. E vamos recuperar o respeito ao povo trabalhador.,LulaOficial
66,https://twitter.com/LulaOficial,2022-09-08 22:50:42+00:00,2670726740,Na pandemia n√≥s n√£o tivemos um governo com sensibilidade para ouvir especialistas. Foi a primeira vez na hist√≥ria que pessoas morreram por falta de oxig√™nio fora d‚Äô√°gua. A responsabilidade √© da neglig√™ncia de um presidente que n√£o tem compaix√£o e n√£o gosta do povo brasileiro.,LulaOficial
67,https://twitter.com/LulaOficial,2022-09-08 22:08:13+00:00,2670726740,Querem inventar fantasmas pra assustar o povo. N√£o vai colar. Filme de terror √© o governo Bolsonaro. #EquipeLula https://t.co/wymf1kXY5z,LulaOficial
68,https://twitter.com/LulaOficial,2022-09-08 21:32:45+00:00,2670726740,Lula com Marcelo Freixo e Andr√© Ceciliano em Nova Igua√ßu. Vamos juntos pelo Rio e pelo Brasil https://t.co/u68d6pGpNv,LulaOficial
69,https://twitter.com/LulaOficial,2022-09-08 19:52:07+00:00,2670726740,"Hoje tem #SpaceDos24Dias com @falamuka, @LeilaGermano e convidados especiais! Faz o L, ativa o lembrete e vem acompanhar, 23h! https://t.co/GxO8ZDMuRv #EquipeLula https://t.co/5IOrcdpyBw",LulaOficial
70,https://twitter.com/LulaOficial,2022-09-08 18:35:36+00:00,2670726740,Minhas condol√™ncias √† fam√≠lia e a todos que admiravam a Rainha Elizabeth II no Reino Unido e ao redor do mundo.,LulaOficial
71,https://twitter.com/LulaOficial,2022-09-08 18:35:36+00:00,2670726740,"Em nosso governo, o Reino Unido e o Brasil tiveram excelentes rela√ß√µes diplom√°ticas, pol√≠ticas e comerciais, marcadas pela visita de Estado em que ela nos recebeu, em 2006. Gravo na mem√≥ria nosso encontro na reuni√£o do G-20 em Londres, em 2009.",LulaOficial
72,https://twitter.com/LulaOficial,2022-09-08 18:35:35+00:00,2670726740,"A Rainha Elizabeth II testemunhou e participou dos grandes eventos e processos hist√≥ricos dos √∫ltimos 80 anos. Marcou era como Chefe de Estado, reinando em conviv√™ncia com primeiros-ministros de diferentes linhas ideol√≥gicas. 

üì∏: @ricardostuckert https://t.co/XUgYDD3528",LulaOficial
73,https://twitter.com/LulaOficial,2022-09-08 16:38:48+00:00,2670726740,"Bolsonaro determinou corte de 59% do Farm√°cia Popular, programa criado no governo Lula. Assim como os outros programas de sa√∫de, o Farm√°cia Popular melhorou a qualidade de vida dos brasileiros, dando acesso gratuito aos medicamentos essenciais. https://t.co/HTm1MED5qZ #EquipeLula",LulaOficial
74,https://twitter.com/LulaOficial,2022-09-08 13:58:23+00:00,2670726740,"‚ÄúTenho que agradecer Lula por ter acreditado na educa√ß√£o‚Äù, Rebeca Alves, formada em medicina pelo Prouni. Hist√≥rias como a da Rebeca se repetem pelo Brasil porque os governos Lula priorizaram criar oportunidades e cuidar de quem mais precisava! #EquipeLula

üé•: @ricardostuckert https://t.co/mHEQKKk8r7",LulaOficial
75,https://twitter.com/LulaOficial,2022-09-08 10:46:27+00:00,2670726740,"Nova Igua√ßu mudou para melhor com Lula e Dilma. Foram 51 mil fam√≠lias atendidas no Bolsa Fam√≠lia, 20 mil moradias entregues pelo Minha Casa Minha Vida e um novo campus da UFRRJ na cidade. Conhe√ßa mais: https://t.co/8oY5HzZhgd #EquipeLula",LulaOficial
76,https://twitter.com/LulaOficial,2022-09-08 10:45:48+00:00,2670726740,"Bom dia. Hoje estarei em Nova Igua√ßu para um ato com o povo da Baixada Fluminense, com @MarceloFreixo e @AndreCeciliano. Com o povo nas regi√µes ignoradas pelo atual governo. #BrasilDaEsperan√ßa",LulaOficial
77,https://twitter.com/LulaOficial,2022-09-08 02:52:53+00:00,2670726740,Veja a fala de Lula na √≠ntegra no canal oficial no YouTube. #EquipeLula https://t.co/1Go0s2rKf5,LulaOficial
78,https://twitter.com/LulaOficial,2022-09-07 23:14:30+00:00,2670726740,"Nunca utilizamos um Dia da P√°tria para campanha eleitoral. Ao inv√©s de discutir os problemas do Brasil, Bolsonaro me ataca, ao inv√©s de explicar como a sua fam√≠lia juntou 26 milh√µes em dinheiro vivo para comprar 51 im√≥veis. O Brasil precisa de amor, n√£o de √≥dio. https://t.co/d4cx4RxTJU",LulaOficial
79,https://twitter.com/LulaOficial,2022-09-07 18:11:12+00:00,2670726740,"Faz o L! ‚ù§Ô∏è Desenhos com Lula pelo Brasil, por Diocir J. A. Junior. #BrasilDaEsperan√ßa #EquipeLula https://t.co/LuZdACeKo0",LulaOficial
80,https://twitter.com/LulaOficial,2022-09-07 15:21:56+00:00,2670726740,"Ser patriota √© cuidar de todos os brasileiros, em especial daqueles que mais precisam. Por isso Lula combateu a fome, defendeu a democracia, valorizou o nosso passaporte e fez muito mais! #EquipeLula
https://t.co/xFCY5ojwkQ",LulaOficial
81,https://twitter.com/LulaOficial,2022-09-07 12:51:08+00:00,2670726740,"Com Lula pelo Brasil, faz o L e vem! Compartilha sua foto e conta pra gente de que cidade voc√™ vai votar 13 üáßüá∑‚ù§Ô∏è #EquipeLula

üì∏: @ricardostuckert https://t.co/WP0w60sKxv",LulaOficial
82,https://twitter.com/LulaOficial,2022-09-07 10:52:03+00:00,2670726740,"200 anos de independ√™ncia hoje. 7 de setembro deveria ser um dia de amor e uni√£o pelo Brasil. Infelizmente, n√£o √© o que acontece hoje. Tenho f√© que o Brasil ir√° reconquistar sua bandeira, soberania e democracia. Bom dia.

üé•: @ricardostuckert https://t.co/52gk00b2Ht",LulaOficial
83,https://twitter.com/LulaOficial,2022-09-07 01:32:06+00:00,2670726740,O povo brasileiro acredita na democracia e quer mudan√ßa. As pessoas sabem que a vida era melhor no nosso governo. Combat√≠amos a mis√©ria e acabamos com a fome. Vamos voltar para recuperar o pa√≠s. Boa noite.,LulaOficial
84,https://twitter.com/LulaOficial,2022-09-06 23:30:24+00:00,2670726740,O povo tem saudade de um Brasil com emprego e comida no prato. O povo tem saudade do Lula! Desenho do @JoaoPinheiroHQ #EquipeLula https://t.co/Zwz9J1MJQ5,LulaOficial
85,https://twitter.com/LulaOficial,2022-09-06 21:54:56+00:00,2670726740,A notifica√ß√£o foi por propaga√ß√£o de fake news contra Lula e propaganda de Bolsonaro na r√°dio. #EquipeLula https://t.co/FABY4dii8U,LulaOficial
86,https://twitter.com/LulaOficial,2022-09-06 21:21:12+00:00,2670726740,Vem a√≠! Nesta quinta-feira tem #SpaceDos24Dias com @falamuka e @LeilaGermano. 23h! Ative o lembrete e faz o L! #EquipeLula https://t.co/tkKxIgEAVb,LulaOficial
87,https://twitter.com/LulaOficial,2022-09-06 20:44:41+00:00,2670726740,"O maior orgulho de uma m√£e n√£o √© deixar dinheiro para os filhos, √© dar estudo e uma profiss√£o. E Dona Lindu p√¥de ver seu filho torneiro mec√¢nico formado pelo Senai. 

üé•: @ricardostuckert https://t.co/pp5laGDUU4",LulaOficial
88,https://twitter.com/LulaOficial,2022-09-06 19:18:54+00:00,2670726740,"Reuni√£o hoje com partidos da coliga√ß√£o do Brasil da Esperan√ßa. Vamos trabalhar para recuperar nosso pa√≠s. #BrasilDaEsperan√ßa

üì∏: @ricardostuckert https://t.co/XCtoJzmEFJ",LulaOficial
89,https://twitter.com/LulaOficial,2022-09-06 16:27:29+00:00,2670726740,"O ""verde e amarelo"" pertence a todas as cores desse pa√≠s. E vai voltar a encher de orgulho o seu √∫nico dono: o povo brasileiro. Todo o povo brasileiro. Que o pr√≥ximo 7 de setembro seja num Brasil de esperan√ßa! #BrasildaEsperan√ßa #EquipeLula https://t.co/YyMnJgjLJ0",LulaOficial
90,https://twitter.com/LulaOficial,2022-09-06 15:43:39+00:00,2670726740,"Quando a gente sonha junto, dizem que se torna realidade. Estou convencido que se continuarmos trabalhando da forma que estamos, podemos ganhar no 1¬∞ turno.",LulaOficial
91,https://twitter.com/LulaOficial,2022-09-06 15:41:49+00:00,2670726740,"Notem que tem candidato que n√£o faz com√≠cio. E n√£o √© que n√£o faz porque n√£o quer, √© porque n√£o junta gente.",LulaOficial
92,https://twitter.com/LulaOficial,2022-09-06 15:40:41+00:00,2670726740,"N√≥s n√£o precisamos aceitar o n√≠vel baixo de campanha que alguns advers√°rios querem. N√≥s temos que fazer a campanha em alto n√≠vel porque o povo quer resolver seus problemas de d√≠vida, de desemprego, quer voltar a comer e sorrir nesse pa√≠s.",LulaOficial
93,https://twitter.com/LulaOficial,2022-09-06 15:39:59+00:00,2670726740,"N√£o basta ganharmos as elei√ß√µes e dizer que vamos melhorar a renda das pessoas. Vamos ter que criar tamb√©m as condi√ß√µes para que as pessoas negociem suas d√≠vidas, por isso estamos propondo o Desenrola Brasil.",LulaOficial
94,https://twitter.com/LulaOficial,2022-09-06 15:39:08+00:00,2670726740,"Bolsonaro est√° usurpando o 7 de setembro para ser algo pessoal. Ele poderia ter tido a grandeza de fazer uma festa para o povo brasileiro. Mas n√£o, tomou para benef√≠cio dele.",LulaOficial
95,https://twitter.com/LulaOficial,2022-09-06 15:37:30+00:00,2670726740,"Nem se juntarmos todos os presidentes, n√£o d√° o que o atual est√° utilizando da m√°quina p√∫blica nessas elei√ß√µes. Mesmo assim o povo segue nos dando a prefer√™ncia. O povo √© mais s√°bio do que ele imagina, n√£o ser√° marionete. O povo segue querendo mudan√ßas e fortalecer a democracia",LulaOficial
96,https://twitter.com/LulaOficial,2022-09-06 15:35:34+00:00,2670726740,"N√£o tem porque ter vergonha de tentar ganhar no 1¬∫ turno. Se quem tem 5% sonha em ter 40%, porque quem tem mais de 40% n√£o pode sonhar em ter mais um pouquinho e ganhar no primeiro turno?",LulaOficial
97,https://twitter.com/LulaOficial,2022-09-06 15:26:00+00:00,2670726740,Reuni√£o do conselho pol√≠tico da coliga√ß√£o Brasil da Esperan√ßa https://t.co/ohew2XyoYW,LulaOficial
98,https://twitter.com/LulaOficial,2022-09-06 14:35:27+00:00,2670726740,"Reuni√£o da coordena√ß√£o hoje come√ßou com parab√©ns para @gleisi ü•≥

üé•: @ricardostuckert https://t.co/HIoCl92pMZ",LulaOficial
99,https://twitter.com/LulaOficial,2022-09-06 14:07:50+00:00,2670726740,"Aten√ß√£o, Rio de Janeiro! Quinta-feira tem ato do #BrasilDaEsperan√ßa em Nova Igua√ßu, na Via Light, dia 08/09 √†s 17h. Registre a sua presen√ßa: https://t.co/JiA9Flhuts #EquipeLula https://t.co/1IeZdSLsiW",LulaOficial
100,https://twitter.com/LulaOficial,2022-09-06 12:57:13+00:00,2670726740,"Hoje √© anivers√°rio da querida companheira @gleisi. Uma grande militante, deputada e presidenta do PT. Nosso partido tem sorte de ter sua lideran√ßa. Muita sa√∫de, paz e vit√≥rias. 

üì∏: @ricardostuckert https://t.co/mfs4HA0q7I",LulaOficial
101,https://twitter.com/LulaOficial,2022-09-06 10:59:08+00:00,2670726740,"A primeira coisa que n√≥s temos que garantir √© comida para o povo. Quem n√£o come n√£o pensa direito. N√≥s temos que comer bem, nossas crian√ßas t√™m que comer bem, tomar um bom caf√© da manh√£ antes de ir pra escola. √â a partir da√≠ que vamos melhorar a vida do povo brasileiro. Bom dia.",LulaOficial
102,https://twitter.com/LulaOficial,2022-09-06 01:45:21+00:00,2670726740,"Estamos preparados. Vamos trabalhar, porque esse pa√≠s vai voltar a ser feliz! Boa noite e at√© amanh√£!",LulaOficial
103,https://twitter.com/LulaOficial,2022-09-06 00:11:29+00:00,2670726740,"N√≥s vamos ter que reconstruir o Brasil que eles destru√≠ram. Mas quero dizer aos trabalhadores da assist√™ncia social que o Sistema √önico de Assist√™ncia Social vai voltar mais forte, porque o povo precisa de respeito e dignidade.

üì∏: @ricardostuckert https://t.co/rOoqYXHGV7",LulaOficial
104,https://twitter.com/LulaOficial,2022-09-05 22:58:38+00:00,2670726740,"Obrigado, @pejulio. Vamos vencer as mentiras. https://t.co/EMl3p14tWZ",LulaOficial
105,https://twitter.com/LulaOficial,2022-09-05 22:38:43+00:00,2670726740,"Esse ano a proposta de or√ßamento enviado pelo Bolsonaro n√£o tem aumento real do sal√°rio m√≠nimo. E sem o aumento do sal√°rio, as pessoas passam cada vez mais necessidades.",LulaOficial
106,https://twitter.com/LulaOficial,2022-09-05 22:37:57+00:00,2670726740,O Brasil tem uma d√≠vida com o povo que n√≥s vamos pagar. N√£o h√° outra raz√£o para eu me candidatar mais uma vez se n√£o for para resgatar a dignidade do povo.,LulaOficial
107,https://twitter.com/LulaOficial,2022-09-05 22:37:23+00:00,2670726740,"Nos meus 8 anos de governo, eu vinha para S√£o Paulo fazer reuni√£o e tomar caf√© da manh√£ com pessoas em situa√ß√£o de rua e catadores. Aprendi muito. N√£o √© dinheiro que falta para ajudar essas pessoas. O Brasil deu certo em meus governos porque colocamos o povo pobre no or√ßamento.",LulaOficial
108,https://twitter.com/LulaOficial,2022-09-05 21:01:34+00:00,2670726740,"Chegada no encontro com assistentes sociais em S√£o Paulo.

üé•: @ricardostuckert https://t.co/XfCof7B4jb",LulaOficial
109,https://twitter.com/LulaOficial,2022-09-05 20:39:13+00:00,2670726740,Lula se encontra com assistentes sociais em S√£o Paulo https://t.co/TBuNVuVADc,LulaOficial
110,https://twitter.com/LulaOficial,2022-09-05 19:44:50+00:00,2670726740,Faz L e vamos juntos para o Brasil ser feliz de novo. Desenho do @alvaro_maia_. #BrasilDaEsperan√ßa #EquipeLula https://t.co/HLgpYwRjIU,LulaOficial
111,https://twitter.com/LulaOficial,2022-09-05 17:27:07+00:00,2670726740,"Encontrei hoje com o presidente @LuchoXBolivia, da Bol√≠via. Conversamos sobre a conjuntura na Am√©rica Latina e no mundo.

üì∏: @ricardostuckert https://t.co/II4jCsxc90",LulaOficial
112,https://twitter.com/LulaOficial,2022-09-05 15:33:01+00:00,2670726740,"Ou cuidamos do nosso ecossistema e da nossa biodiversidade ou seremos a √∫nica esp√©cie a se autodestruir. Com toda a intelig√™ncia e informa√ß√£o que temos hoje, precisamos trabalhar na preserva√ß√£o e recupera√ß√£o da Amaz√¥nia. #DiaDaAmaz√¥nia 

üé•: @ricardostuckert https://t.co/GHke29Qaqj",LulaOficial
113,https://twitter.com/LulaOficial,2022-09-05 14:11:38+00:00,2670726740,"Bolsonaro ainda vetou o reajuste e agora nega-se a destinar recursos para ajudar hospitais, estados e munic√≠pios a pagarem melhor os profissionais que salvam vidas. Para arrumar bilh√µes para seus aliados ele √© r√°pido, mas despreza quem salva vidas no Brasil.",LulaOficial
114,https://twitter.com/LulaOficial,2022-09-05 14:11:37+00:00,2670726740,"Sempre defendi que a enfermagem tivesse um piso salarial. O projeto aprovado √© do @ContaratoSenado, com relat√≥rio do @padilhando, ambos do PT. Bolsonaro vira as costas para profissionais que lutaram na pandemia. Seu filho votou contra o piso, assim como seu l√≠der de governo.",LulaOficial
115,https://twitter.com/LulaOficial,2022-09-05 11:00:28+00:00,2670726740,"28 milh√µes de pessoas moram na Amaz√¥nia. Precisamos melhorar a vida do povo investindo em pesquisa, demarca√ß√£o de territ√≥rios ind√≠genas e acabando com o garimpo ilegal. Com responsabilidade e seriedade vamos cuidar da Amaz√¥nia e do nosso futuro. Bom dia e boa semana pra n√≥s.",LulaOficial
116,https://twitter.com/LulaOficial,2022-09-05 01:36:16+00:00,2670726740,"Foi governando com amor que cuidamos do nosso povo. E √© por isso que estou nessa luta mais uma vez. Boa noite e at√© amanh√£!

üì∏: @ricardostuckert https://t.co/dOpUVPJ8xA",LulaOficial
117,https://twitter.com/LulaOficial,2022-09-05 00:17:30+00:00,2670726740,"Pessoal, lembramos que a organiza√ß√£o do Rock in Rio pediu para n√£o ter pol√≠tica no festival. #EquipeLula https://t.co/7mPbzO9rDn",LulaOficial
118,https://twitter.com/LulaOficial,2022-09-04 22:54:26+00:00,2670726740,O Brasil te chama! A esperan√ßa √© Lula! Desenho da @karlavidal. #BrasilDaEsperan√ßa #EquipeLula https://t.co/P6mUS39s5j,LulaOficial
119,https://twitter.com/LulaOficial,2022-09-04 20:35:01+00:00,2670726740,"Hoje muitos trabalhadores n√£o tem emprego, tem bico. Vamos fortalecer o microempreendedorismo criando financiamento para quem quer abrir seu neg√≥cio. Sua barbearia, sua confeitaria. Cr√©dito, com juros baixos, para quem quer trabalhar.",LulaOficial
120,https://twitter.com/LulaOficial,2022-09-04 18:03:35+00:00,2670726740,"S√£o 5,2 milh√µes de trabalhadoras dom√©sticas no Brasil, 65% negras. 4 milh√µes n√£o tem carteira profissional assinada. Me comprometo a ler o documento que recebi hoje e vamos juntos melhorar a vida das trabalhadoras dom√©sticas no pa√≠s.

üì∏: @ricardostuckert https://t.co/o69axmnirh",LulaOficial
121,https://twitter.com/LulaOficial,2022-09-04 16:03:24+00:00,2670726740,"Precisamos dar um jeito de conveniar todos as especialidades ao SUS. Porque se voc√™ tiver que passar em um especialista, o sistema tem que te mandar para o mais pr√≥ximo da sua rua.",LulaOficial
122,https://twitter.com/LulaOficial,2022-09-04 16:01:56+00:00,2670726740,"Voc√™s precisam aproveitar o telefone de voc√™s, o zap, todos os meios que voc√™s tiverem para n√£o permitirem que a f√°brica de mentiras deles v√° longe. Quem far√° a colheita do futuro desse pa√≠s s√£o os filhos e netos de voc√™s.",LulaOficial
123,https://twitter.com/LulaOficial,2022-09-04 15:34:27+00:00,2670726740,"Conheci uma mulher, a Dominga, trabalhadora dom√©stica que disputou a elei√ß√£o de prefeita com o filho do patr√£o dela. E ela ganhou. A @dasilvabenedita tamb√©m foi dom√©stica, foi governadora e hoje √© deputada federal. Isso mostra que as pessoas precisam de oportunidade.",LulaOficial
124,https://twitter.com/LulaOficial,2022-09-04 15:32:05+00:00,2670726740,"Toda a vez que voc√™s falarem de educa√ß√£o, da transforma√ß√£o que a educa√ß√£o fez na vida dos seus filhos e filhas, lembrem que o @Haddad_Fernando foi o ministro da Educa√ß√£o que ajudou nisso.",LulaOficial
125,https://twitter.com/LulaOficial,2022-09-04 14:10:37+00:00,2670726740,Lula se encontra com trabalhadoras dom√©sticas em S√£o Paulo https://t.co/3ctih16Ffy,LulaOficial
126,https://twitter.com/LulaOficial,2022-09-04 11:07:22+00:00,2670726740,"As mulheres s√£o maioria e merecem um governo que as trate com respeito. Mensagem da @JanjaLula no programa de TV exibido ontem. Vamos, juntas e juntos, melhorar a vida no Brasil. Bom domingo pra n√≥s. https://t.co/AkIzLQZTw0",LulaOficial
127,https://twitter.com/LulaOficial,2022-09-04 01:21:33+00:00,2670726740,"A primeira caracter√≠stica de um bom governante √© amar seu pa√≠s e amar seu povo. N√£o se governa com √≥dio. Boa noite, se cuidem e at√© amanh√£.",LulaOficial
128,https://twitter.com/LulaOficial,2022-09-04 00:30:46+00:00,2670726740,Sabia que no spotify oficial do Lula voc√™ tamb√©m pode ouvir discursos hist√≥ricos do ex-presidente? O primeiro epis√≥dio dessa s√©rie traz Lula no World Food Prize 2011 pelo seu trabalho no combate √† fome. Escute agora: https://t.co/sKA2Wx1XOY #EquipeLula https://t.co/DzOwd8n51P,LulaOficial
129,https://twitter.com/LulaOficial,2022-09-03 21:31:31+00:00,2670726740,"A crise econ√¥mica afeta em especial a vida das mulheres, que hoje est√£o se endividando para colocar comida na mesa. Lula j√° fez muito pelas fam√≠lias brasileiras em seus governos e tem propostas para dias melhores. Conhe√ßa e compartilhe https://t.co/IeGxUidMkP  #EquipeLula https://t.co/5cWIHtbjsI",LulaOficial
130,https://twitter.com/LulaOficial,2022-09-03 20:26:55+00:00,2670726740,Com Lula para o Brasil brilhar de novo. Desenho do @joaopedrorecife #BrasilDaesperan√ßa #EquipeLula https://t.co/pJ4IHqYQ5W,LulaOficial
131,https://twitter.com/LulaOficial,2022-09-03 18:30:46+00:00,2670726740,Mais uma pesquisa do DataToalha comprova: √© Lula 13! #EquipeLula https://t.co/HlS9vr1gNJ,LulaOficial
132,https://twitter.com/LulaOficial,2022-09-03 16:29:15+00:00,2670726740,"Foi lindo ver S√£o Lu√≠s lotada de esperan√ßa! Muito obrigado, povo do Maranh√£o. At√© a pr√≥xima!    

üé•: @ricardostuckert https://t.co/CJ0FNDncyA",LulaOficial
133,https://twitter.com/LulaOficial,2022-09-03 15:35:39+00:00,2670726740,"Encontro com quebradeiras de Coco do Maranh√£o. 

üé•: @ricardostuckert https://t.co/WWQ2vfrclJ",LulaOficial
134,https://twitter.com/LulaOficial,2022-09-03 15:00:07+00:00,2670726740,"Se ganharmos as elei√ß√µes, quero convidar as quebradeiras de coco do Maranh√£o para uma grande reuni√£o comigo em Bras√≠lia, para decidirmos o que precisa ser feito para voc√™s. Esse √© o sentido da pol√≠tica, melhorar a vida das pessoas.

üì∏: @ricardostuckert https://t.co/RKvTgPNV9E",LulaOficial
135,https://twitter.com/LulaOficial,2022-09-03 14:30:57+00:00,2670726740,"Faltam 29 dias. Se falarem com algu√©m no telefone voc√™s sabem, se for no zap falem tamb√©m, e se mencionarem o Bolsonaro, perguntem o que ele fez aqui no Maranh√£o al√©m de brigar com o @FlavioDino por cuidar do povo.",LulaOficial
136,https://twitter.com/LulaOficial,2022-09-03 14:12:00+00:00,2670726740,A gente quer voltar porque √© preciso recuperar a dignidade do ser humano nesse pa√≠s. As pessoas n√£o sabem como √© a vida de quem √© pobre nesse pa√≠s.,LulaOficial
137,https://twitter.com/LulaOficial,2022-09-03 13:21:24+00:00,2670726740,Lula visita o Casar√£o das Quebradeiras de Coco do Maranh√£o https://t.co/sDO9G39l88,LulaOficial
138,https://twitter.com/LulaOficial,2022-09-03 10:40:04+00:00,2670726740,"A vida √© motiva√ß√£o. N√≥s temos que encontrar a nossa todos os dias. Minha motiva√ß√£o √© consertar esse pa√≠s. Bom dia pra n√≥s!

üì∏: @ricardostuckert https://t.co/A3qLtBDz0M",LulaOficial
139,https://twitter.com/LulaOficial,2022-09-03 01:51:56+00:00,2670726740,"O povo quer tranquilidade, um presidente que fale de amor e n√£o de armas. Voc√™s devem votar em quem voc√™s sabem que vai cuidar do povo. Esse genocida n√£o merece estar na presid√™ncia. Boa noite!",LulaOficial
140,https://twitter.com/LulaOficial,2022-09-03 00:57:37+00:00,2670726740,"Eu sou um construtor de parcerias. O @FlavioDino, o @carlosbrandaoma e o @FelipeCCamarao podem ficar tranquilos que eu nunca vou perguntar se eles gostam ou n√£o de mim, o que importa √© se eles s√£o governantes que tratam o povo do Maranh√£o com respeito.

üì∏: @ricardostuckert https://t.co/X1etiytJ8D",LulaOficial
141,https://twitter.com/LulaOficial,2022-09-03 00:19:49+00:00,2670726740,"Lula In Maranh√£o! üé∏ #EquipeLula

üì∏: @ricardostuckert https://t.co/jHoeAo6MbX",LulaOficial
142,https://twitter.com/cirogomes,2022-09-08 23:50:14+00:00,33374761,"Turma boa, come√ßou! Estamos ao vivo na https://t.co/4nozhWVDsu. Chama a galera pra assistir, a live de hoje promete! üî• #CiroTV https://t.co/N8FfxdFbOA",cirogomes
143,https://twitter.com/cirogomes,2022-09-08 23:38:00+00:00,33374761,LIVE DE EXIBI√á√ÉO DO SEXTO PROGRAMA ELEITORAL CIRO PRESIDENTE 12 | S√ÉO PAULO/SP | 08/09/2022 https://t.co/GflK3EOOa4,cirogomes
144,https://twitter.com/cirogomes,2022-09-08 22:41:11+00:00,33374761,"Agora, o Brasil j√° tem quatro campe√µes mundiais ‚Äì Filipinho, Italo, Adriano de Souza, o @MineirinhoSurf, e @gabriel1medina. Esse, sim, √© um Brasil que nos enche de orgulho! üáßüá∑üèÑ‚Äç‚ôÇÔ∏è",cirogomes
145,https://twitter.com/cirogomes,2022-09-08 22:41:10+00:00,33374761,"Parab√©ns a @Filipetoledo77, o Filipinho, que agora √† tarde conquistou o t√≠tulo de campe√£o mundial de surfe numa grande final brasileira, contra o tamb√©m gigante @italoferreira. https://t.co/AQmV4Kgor8",cirogomes
146,https://twitter.com/cirogomes,2022-09-08 19:28:07+00:00,33374761,https://t.co/p3rNhZzPd6 https://t.co/wz8l2BsCJb,cirogomes
147,https://twitter.com/cirogomes,2022-09-08 17:34:05+00:00,33374761,"Com a morte da Rainha Elizabeth II se fecha um ciclo da monarquia brit√¢nica e se abrem as portas da hist√≥ria para uma mulher que foi um s√≠mbolo de supera√ß√£o, sacrif√≠cio pessoal e devotamento √† causa de uma na√ß√£o. Que ela descanse, merecidamente, em paz. https://t.co/kKqpKLntDj",cirogomes
148,https://twitter.com/cirogomes,2022-09-08 17:30:17+00:00,33374761,"A a√ß√£o foi motivada pelos flagrantes atos de campanha eleitoral realizados por Bolsonaro durante o desfile c√≠vico comemorativo do bicenten√°rio da independ√™ncia do Brasil, em Bras√≠lia.",cirogomes
149,https://twitter.com/cirogomes,2022-09-08 17:30:16+00:00,33374761,"Hoje, eu e o @PDT_Nacional ingressamos com a√ß√£o na Justi√ßa Eleitoral pedindo a inelegibilidade do presidente Jair Bolsonaro e de seu candidato a vice-presidente, general Braga Neto, por abuso de poder e desvio de finalidade. https://t.co/FdIZtQmiqA",cirogomes
150,https://twitter.com/cirogomes,2022-09-08 17:00:14+00:00,33374761,"HOJE A LIVE VAI FERVER! √Äs 20h45 temos um encontro AO VIVO na https://t.co/4nozhWV5CW ‚Äì diretamente de S√£o Paulo! Acompanhe a transmiss√£o do nosso 6¬∫ programa eleitoral completo, com direito a reacts, intera√ß√£o com quem estiver participando e muitas surpresas. Espero voc√™s! https://t.co/M1Er7NrfF1",cirogomes
151,https://twitter.com/cirogomes,2022-09-08 16:00:26+00:00,33374761,"E anote a√≠: logo depois do Hor√°rio Eleitoral da noite, √†s 20h45, temos um encontro AO VIVO na https://t.co/4nozhWV5CW. E hoje vai ferver, com reacts e outras surpresas. N√£o perca! #CiroPresidente12",cirogomes
152,https://twitter.com/cirogomes,2022-09-08 16:00:25+00:00,33374761,Veja no programa de hoje porque Ciro √© o candidato mais preparado desta campanha. üòÅüí™ https://t.co/aKBymJLphF,cirogomes
153,https://twitter.com/cirogomes,2022-09-08 14:08:07+00:00,33374761,Como fazer uma campanha independente sem criticar Lula? Como fazer uma campanha democr√°tica sem criticar Bolsonaro? Merval Pereira acha que reprimir a cr√≠tica √© autoritarismo. https://t.co/OehOBUAerI,cirogomes
154,https://twitter.com/cirogomes,2022-09-08 12:00:07+00:00,33374761,"A grande verdade √© que os √∫ltimos governantes destru√≠ram a ind√∫stria nacional e estamos levando um tremendo 7 a 1 nesta √°rea. Resultado: atraso, desemprego e produtos caros. Assista ao √∫ltimo programa completo https://t.co/uCGCjPT278 e veja mais detalhes sobre nosso projeto. https://t.co/JKbeA4UTwp",cirogomes
155,https://twitter.com/cirogomes,2022-09-08 11:00:10+00:00,33374761,"Tudo isso √© resultado de TRABALHO, PLANEJAMENTO e VONTADE POL√çTICA. D√° pra levar esse modelo pra todo o Brasil? Claro que d√°. Ent√£o, vamos juntos?",cirogomes
156,https://twitter.com/cirogomes,2022-09-08 11:00:09+00:00,33374761,"Lembrando o seguinte: n√£o existe segredo nem f√≥rmula m√°gica por tr√°s da revolu√ß√£o que fizemos no ensino p√∫blico do Cear√°, que hoje √© o estado com o melhor Ensino Fundamental do Brasil. Nesse n√≠vel de ensino, 79 escolas cearenses est√£o entre as 100 melhores do pa√≠s.",cirogomes
157,https://twitter.com/cirogomes,2022-09-08 11:00:08+00:00,33374761,O Dia Mundial da Alfabetiza√ß√£o refor√ßa a nossa grande bandeira: EDUCA√á√ÉO √â PRIORIDADE. √â a√≠ que temos que fazer a grande revolu√ß√£o que o Brasil precisa e merece.,cirogomes
158,https://twitter.com/cirogomes,2022-09-08 01:04:26+00:00,33374761,"Brasileiros e brasileiras, vamos comemorar o que nos une, o verde amarelo nos pertence. Deus √© grande e vai cobrir de b√™n√ß√£os nossa na√ß√£o para outros tantos 200 anos ‚Äì agora sem fome, sem mis√©ria, sem injusti√ßa e sem presidente ladr√£o e corrupto, como o que temos e o que tivemos.",cirogomes
159,https://twitter.com/cirogomes,2022-09-08 00:06:29+00:00,33374761,"Assista AO VIVO o nosso MESA 12 ESPECIAL desta quarta-feira, 7 de setembro de 2022. Hoje teremos a presen√ßa de @aldorebelo, @antonionetopdt e @neudespdt! Acompanhe: https://t.co/4nozhWV5CW https://t.co/f9OK2NIMDV",cirogomes
160,https://twitter.com/cirogomes,2022-09-07 23:12:31+00:00,33374761,"VEJA O PRONUNCIAMENTO DE CIRO GOMES CONTRA O USO ESCANDALOSO DO 7 DE SETEMBRO POR BOLSONARO üëá

https://t.co/amgexvurCS https://t.co/PgTPyB2A7z",cirogomes
161,https://twitter.com/cirogomes,2022-09-07 21:20:01+00:00,33374761,"Hoje assistimos um espet√°culo de vulgaridade e de uso despudorado do dinheiro do povo para fazer um com√≠cio envolvendo todas as estruturas, inclusive da opini√£o p√∫blica internacional. Isso √© uma vergonha!",cirogomes
162,https://twitter.com/cirogomes,2022-09-07 21:18:56+00:00,33374761,Fico entristecido com o que est√£o fazendo no Brasil. Bolsonaro √© produto desse ‚Äôn√≥s contra eles‚Äô e dessa polariza√ß√£o que est√° dividindo a na√ß√£o. Mas refor√ßo: n√£o vou me abater e vou continuar me inspirando nos grandes brasileiros que constru√≠ram momentos radiosos na hist√≥ria.,cirogomes
163,https://twitter.com/cirogomes,2022-09-07 20:17:24+00:00,33374761,"Bolsonaro transformou o 7 de Setembro dos 200 anos da independ√™ncia no mais desavergonhado com√≠cio eleitoral j√° feito neste pa√≠s. E houve outras transgress√µes pol√≠ticas, institucionais e morais ser√≠ssimas. Os brasileiros cobram uma a√ß√£o da justi√ßa!",cirogomes
164,https://twitter.com/cirogomes,2022-09-07 20:04:18+00:00,33374761,GIRO DO CIRO - 7 DE SETEMBRO | OURO PRETO/MG | 07/09/2022 https://t.co/K8LMdBrOc8,cirogomes
165,https://twitter.com/cirogomes,2022-09-07 20:02:46+00:00,33374761,"Come√ßou, gente boa! Acompanhe o pronunciamento de Ciro Gomes sobre o 7 de Setembro, direto de Ouro Preto.

Ao vivo tamb√©m na #CiroTV: https://t.co/Kcg2xvnCk8",cirogomes
166,https://twitter.com/cirogomes,2022-09-07 17:48:28+00:00,33374761,"Tristeza na cena cultural, em especial no mundo afro-brasileiro, com a morte de Emanoel Ara√∫jo, que espalhou seu talento em v√°rios ramos das artes pl√°sticas e no √¢mbito da museologia. Meus sentimentos a amigos e parentes. https://t.co/1bgzjfW2AB",cirogomes
167,https://twitter.com/cirogomes,2022-09-07 17:25:47+00:00,33374761,"Veja o balan√ßo que Ciro vai fazer do 7 de Setembro, direto de Ouro Preto. üëá

https://t.co/Kcg2xvnCk8

#CiroPresidente12",cirogomes
168,https://twitter.com/cirogomes,2022-09-07 17:14:34+00:00,33374761,#CiroVotoInquebrant√°vel https://t.co/XohgG2Tq8Z,cirogomes
169,https://twitter.com/cirogomes,2022-09-07 15:00:15+00:00,33374761,"Minha resposta educada √† canalhice do BOLSOPETISMO, que pinta de mentiras at√© uma foto. N√£o apoio corrupto nem de esquerda nem corrupto de direita. E n√£o tenho medo de nenhum dos dois gabinetes da mentira e do √≥dio. https://t.co/idT56evsnj",cirogomes
170,https://twitter.com/cirogomes,2022-09-07 14:10:21+00:00,33374761,"Me encontrei essa manh√£ com o Arcebispo de Mariana, Dom Airton Jos√©. Conversamos sobre o Brasil, f√©, meio ambiente, educa√ß√£o e democracia. Neste 7 de setembro fazemos um apelo √† paz, √† concilia√ß√£o. O nosso pa√≠s n√£o aceitar√° qualquer amea√ßa √† liberdade. https://t.co/Jet6SBys0O",cirogomes
171,https://twitter.com/cirogomes,2022-09-07 10:58:00+00:00,33374761,"Viva o 7 de Setembro! E que Deus nos aben√ßoe para que nada nem ningu√©m sejam capazes de roubar a nossa paz e a nossa liberdade - neste dia ou em qualquer momento da nossa hist√≥ria. Vamos em frente, com a mais profunda esperan√ßa de que encontraremos, juntos, um novo caminho. https://t.co/N9YD3AJEyu",cirogomes
172,https://twitter.com/cirogomes,2022-09-07 01:30:00+00:00,33374761,"Os √∫ltimos governos, incluindo os de Lula e Bolsonaro, destru√≠ram a ind√∫stria nacional. Resultado: atraso tecnol√≥gico, desemprego e produtos caros. Veja aqui como pretendo reverter essa situa√ß√£o. #CiroPresidente12 https://t.co/nLMPSII8vu",cirogomes
173,https://twitter.com/cirogomes,2022-09-07 00:19:33+00:00,33374761,"Pe√ßo uma oportunidade ao povo brasileiro. Veja de onde eu venho, procure conhecer minhas ideias. O Brasil pode mudar e est√° em nossas m√£os. Vamos libertar o pa√≠s dessa bola de chumbo do passado e dar um passo em dire√ß√£o ao futuro!",cirogomes
174,https://twitter.com/cirogomes,2022-09-07 00:14:14+00:00,33374761,"Voc√™ sabe qual √© a diferen√ßa entre o projeto de Ciro e do PT? ü§î Se ainda n√£o sabe, assista este trecho de #CiroNaRedeTV e deixe sua opini√£o. https://t.co/zT3IBsjn42",cirogomes
175,https://twitter.com/cirogomes,2022-09-07 00:08:25+00:00,33374761,Veja como Ciro pretende revolucionar a educa√ß√£o p√∫blica no Brasil em ‚Äúapenas uma gest√£o‚Äù. #CiroNaRedeTV https://t.co/cmXDpWEMwJ,cirogomes
176,https://twitter.com/cirogomes,2022-09-06 23:49:39+00:00,33374761,"Ciro d√° detalhes sobre os quatro complexos industriais que v√£o fazer o Brasil retomar o protagonismo global: Complexo Industrial da Sa√∫de, Complexo Industrial do Agroneg√≥cio, Complexo Industrial da Defesa e Complexo Industrial do Petr√≥leo. #CiroNoCanalRural https://t.co/cuj97Yh9ud",cirogomes
177,https://twitter.com/cirogomes,2022-09-06 23:48:53+00:00,33374761,Todo mundo ON na https://t.co/4nozhWV5CW ? üòÑüé•,cirogomes
178,https://twitter.com/cirogomes,2022-09-06 23:39:28+00:00,33374761,Eu quero ser o presidente que vai reconciliar o pa√≠s e que vai proteger o bolso do trabalhador e do empreendedor brasileiro. #CiroNoCanalRural,cirogomes
179,https://twitter.com/cirogomes,2022-09-06 23:37:13+00:00,33374761,"A pol√≠tica agr√≠cola que defendemos envolve cr√©dito, assist√™ncia t√©cnica, capacita√ß√£o gerencial, acesso a mercados, verticaliza√ß√£o da produ√ß√£o, pol√≠ticas de abastecimento e de pre√ßos. #CiroNoCanalRural",cirogomes
180,https://twitter.com/cirogomes,2022-09-06 23:31:29+00:00,33374761,LIVE DE EXIBI√á√ÉO DO QUINTO PROGRAMA ELEITORAL CIRO PRESIDENTE 12 | S√ÉO PAULO/SP | 06/09/2022 https://t.co/dGeELGuPac,cirogomes
181,https://twitter.com/cirogomes,2022-09-06 23:28:16+00:00,33374761,"Ciro responde como pretende resolver o d√©ficit de estados e munic√≠pios: ""proponho reestruturar a d√≠vida em troca do apoio de governadores e prefeitos para um novo acordo que mude a governan√ßa pol√≠tica do Brasil, que est√° entregue √† corrup√ß√£o e √† fisiologia"". #CiroNaRedeTV https://t.co/O8j0n9r2mT",cirogomes
182,https://twitter.com/cirogomes,2022-09-06 23:12:39+00:00,33374761,"Afinal, a taxa√ß√£o sobre grandes fortunas vai provocar uma evas√£o de divisas no Brasil? Veja a resposta de Ciro √† pergunta de Lu√≠s Ernesto Lacombe. #CiroNaRedeTV https://t.co/lMGtqn5ieJ",cirogomes
183,https://twitter.com/cirogomes,2022-09-06 23:00:13+00:00,33374761,"Em entrevista ao Canal Rural, Ciro fala sobre o Projeto Nacional de Desenvolvimento, pol√≠tica industrial e de com√©rcio exterior e a import√¢ncia de investir na reestrutura√ß√£o do sistema de defesa brasileiro. #CiroNoCanalRural https://t.co/fe4bqmzdkL",cirogomes
184,https://twitter.com/cirogomes,2022-09-06 22:48:57+00:00,33374761,"Eu n√£o tenho um dia de d√©ficit fiscal na minha hist√≥ria. Fui ministro da Fazenda, ajudei a fazer o Plano Real. Acredito que organizar as contas p√∫blicas brasileiras significa entender onde e como elas est√£o dispersas. #CiroNoCanalRural",cirogomes
185,https://twitter.com/cirogomes,2022-09-06 22:48:23+00:00,33374761,"N√£o estou propondo um aux√≠lio. Estou propondo um programa de renda m√≠nima que ser√° um benef√≠cio previdenci√°rio, com status constitucional - n√£o depender√° de partido X ou Y. Vai ser um direito garantido por lei para o povo de baixa renda, assim como a aposentadoria. #CiroNaRedeTV",cirogomes
186,https://twitter.com/cirogomes,2022-09-06 22:27:46+00:00,33374761,"Sem uma ind√∫stria poderosa, n√≥s n√£o daremos o grande passo rumo √† economia do conhecimento. O Brasil √© o pa√≠s que mais destruiu e est√° destruindo ind√∫strias na hist√≥ria do capitalismo mundial. N√£o h√° precedente. #CiroNoCanalRural",cirogomes
187,https://twitter.com/cirogomes,2022-09-06 22:23:06+00:00,33374761,"Turma, tamb√©m conversei com os jornalistas da @RedeTV. Acompanhe agora e compartilhe com os amigos: https://t.co/1lojQF6swd

#CiroNaRedeTV https://t.co/mJ9MTDne5N",cirogomes
188,https://twitter.com/cirogomes,2022-09-06 22:05:48+00:00,33374761,"Come√ßou, gente boa! 
Entrevista AO VIVO no Canal Rural. Acompanhe: https://t.co/QZ5QnDE2TW

#CiroNoCanalRural https://t.co/T1HRdwv52D",cirogomes
189,https://twitter.com/cirogomes,2022-09-06 20:37:56+00:00,33374761,"Hoje temos mais um encontro AO VIVO na #CiroTV ‚Äì diretamente de Jabaquara, S√£o Paulo! Acompanhe a transmiss√£o do nosso quinto programa eleitoral completo, com direito a muitos reacts, intera√ß√£o com quem estiver participando e muito mais. Espero voc√™s √†s 20h45! https://t.co/UGgZJJkmVp",cirogomes
190,https://twitter.com/cirogomes,2022-09-06 17:50:28+00:00,33374761,Voc√™ sabia que os n√∫meros mais importantes das pesquisas nem sempre s√£o os que saem nas manchetes? ü§îüìä #CiroPresidente12 https://t.co/G94pvmTXaX,cirogomes
191,https://twitter.com/cirogomes,2022-09-06 17:49:04+00:00,33374761,"N√£o podemos ir para esta elei√ß√£o tomados de √≥dios ou paix√µes despolitizadas e superficiais. O Brasil n√£o aguenta mais. Eu quero ser o presidente que vai reconciliar nosso pa√≠s ao redor de uma ideia-for√ßa, de um PROJETO de na√ß√£o.",cirogomes
192,https://twitter.com/cirogomes,2022-09-06 17:41:46+00:00,33374761,Veja a opini√£o de Ciro sobre a flexibiliza√ß√£o da compra e porte de armas. https://t.co/YGTDNcWaQP,cirogomes
193,https://twitter.com/cirogomes,2022-09-06 17:22:19+00:00,33374761,Ciro explica porque uma floresta vale mais em p√© do que derrubada e fala sobre a import√¢ncia de uma reconvers√£o produtiva na Amaz√¥nia. https://t.co/apKtGSdpkn,cirogomes
194,https://twitter.com/cirogomes,2022-09-06 17:02:04+00:00,33374761,√â poss√≠vel produzir e preservar? Veja a resposta de Ciro na roda de conversa sobre propostas para a Regi√£o Amaz√¥nica. https://t.co/jGpC6pKnhu,cirogomes
195,https://twitter.com/cirogomes,2022-09-06 16:35:37+00:00,33374761,"Precisamos deixar para tr√°s essa polariza√ß√£o personalista e dar um passo adiante. Se n√≥s n√£o entendermos que o Brasil n√£o vai resolver seus problemas com saudosismo fiado, com demagogia e com corrup√ß√£o generalizada, o nosso pa√≠s vai sofrer ainda mais.",cirogomes
196,https://twitter.com/cirogomes,2022-09-06 16:24:30+00:00,33374761,"A biodiversidade √© a grande riqueza da Amaz√¥nia. Ela s√≥ ser√° transformada em desenvolvimento econ√¥mico, em renda, se fizermos o dom√≠nio biotecnol√≥gico, a extens√£o e a difus√£o desses dom√≠nios na capacita√ß√£o do nosso povo.",cirogomes
197,https://twitter.com/cirogomes,2022-09-06 16:06:32+00:00,33374761,Precisamos discutir e amadurecer um Projeto Nacional que entenda que o Brasil s√£o v√°rios ‚ÄòBrasis‚Äô e que o desenvolvimento regional tem que ser um elemento guia desse processo. E a Amaz√¥nia √© o mais delicado e sofisticado desafio para um bom governante que o pa√≠s possa eleger.,cirogomes
198,https://twitter.com/cirogomes,2022-09-06 16:02:02+00:00,33374761,"Hoje parte importante da Amaz√¥nia √© territ√≥rio controlado pelo crime, com a presen√ßa do narcotr√°fico e do contrabando ilegal. √â uma vergonha o estado do Amazonas s√≥ ter duas delegacias da Pol√≠cia Federal. √â isso que precisamos resolver com m√°xima seriedade e n√£o com demagogia.",cirogomes
199,https://twitter.com/cirogomes,2022-09-06 15:47:45+00:00,33374761,"N√≥s podemos desenvolver a Amaz√¥nia e ter, ao mesmo tempo, uma exemplar resposta para o mundo que se preocupa com a sustenta√ß√£o ambiental. Em tudo isso o Brasil tem capacidade, como nenhuma outra na√ß√£o do mundo, de liderar e n√£o de ser uma esp√©cie de p√°ria internacional.",cirogomes
200,https://twitter.com/cirogomes,2022-09-06 15:37:57+00:00,33374761,CIRO APRESENTA PROPOSTAS PARA A AMAZ√îNIA https://t.co/bhXMX16keG,cirogomes
201,https://twitter.com/cirogomes,2022-09-06 14:34:49+00:00,33374761,"Pessoal, daqui a pouco estaremos AO VIVO para discutir nossas propostas para a Regi√£o Amaz√¥nica, como a preserva√ß√£o da floresta, gera√ß√£o de emprego, infraestrutura, como unir ci√™ncia e saberes tradicionais e muito mais. Fiquem ligados: https://t.co/L59zUHVcHa https://t.co/I3otJ7m7pl",cirogomes
202,https://twitter.com/cirogomes,2022-09-06 13:47:51+00:00,33374761,"O dia est√° movimentado! Al√©m da nossa live Drible de Mestre ‚Äì que hoje ser√° em S√£o Paulo, onde vamos exibir mais um programa eleitoral ‚Äì, estaremos na Rede TV (#CiroNaRedeTV) e no Canal Rural (#CiroNoCanalRural) a partir das 19h. Anote as informa√ß√µes e compartilhe com a turma! https://t.co/2o7d7yC7N2",cirogomes
203,https://twitter.com/cirogomes,2022-09-06 12:59:34+00:00,33374761,"Nesta v√©spera do 7 de Setembro, fiz um programa dedicado ao meu projeto de reindustrializar o Brasil - um tema bem apropriado, pois tem tudo a ver com soberania e independ√™ncia. https://t.co/2spmPhwFY9",cirogomes
204,https://twitter.com/cirogomes,2022-09-06 11:06:38+00:00,33374761,Vejam o que eu disse. Compartilhem a verdade.üëá https://t.co/MIZGMWevKT,cirogomes
205,https://twitter.com/cirogomes,2022-09-06 11:06:20+00:00,33374761,"O servi√ßo de checagem do grupo, a ‚Äúmeticulosa‚Äù coluna Lupa, s√≥ serve para exagerar imprecis√µes de entrevistados e n√£o enxerga este tipo de abusos? Para aclarar a mem√≥ria e ativar a responsabilidade jornal√≠stica de voc√™s republico, no post a seguir, o v√≠deo do trecho da entrevista",cirogomes
206,https://twitter.com/cirogomes,2022-09-06 11:06:20+00:00,33374761,"Em defesa da mem√≥ria de dois saudosos pr√≥ceres do grupo - os ilustres Oct√°vio Frias, pai e filho - pergunto aos atuais diretores e editores: isto √© jornalismo isento e imparcial? √â desta forma que se exerce a liberdade de express√£o e a boa pr√°tica do debate democr√°tico?",cirogomes
207,https://twitter.com/cirogomes,2022-09-06 11:06:19+00:00,33374761,"Pior ainda: colunistas do pr√≥prio UOL, como Leonardo Sakamoto e Carla Ara√∫jo, repercutiram a not√≠cia deturpada, sem se dar o m√≠nimo cuidado de ouvir a minha fala.",cirogomes
208,https://twitter.com/cirogomes,2022-09-06 11:06:19+00:00,33374761,"Um dos apresentadores do UOL Not√≠cia, Diego Sarza, chegou a dizer no ar que recebeu mensagens de ‚Äúapoiadores do Ciro‚Äù relatando o erro da reportagem, mas seguiu repercutindo a declara√ß√£o distorcida sem dar aten√ß√£o devida ao fato.",cirogomes
209,https://twitter.com/cirogomes,2022-09-06 11:06:18+00:00,33374761,"Da hora da publica√ß√£o at√© a retifica√ß√£o, centenas de blogs e portais reproduziram, em todo o Brasil, a falsa vers√£o e fui v√≠tima de ataques os mais violentos nas redes sociais.",cirogomes
210,https://twitter.com/cirogomes,2022-09-06 11:06:17+00:00,33374761,Trata-se de um exemplo t√£o grotesco de mau jornalismo que fica dif√≠cil acreditar que seja motivado apenas por incompet√™ncia ou imper√≠cia.,cirogomes
211,https://twitter.com/cirogomes,2022-09-06 11:06:17+00:00,33374761,"Minhas posi√ß√µes, tanto em rela√ß√£o √† constitui√ß√£o chilena como a estas lutas, foram expostas de forma muito clara na entrevista ao programa P√¢nico, mas o autor e os editores as ignoraram por completo.",cirogomes
212,https://twitter.com/cirogomes,2022-09-06 11:06:16+00:00,33374761,"Como ditam as regras do mau jornalismo, a deturpa√ß√£o maior come√ßava no t√≠tulo (‚ÄúCiro diz que peculiaridades identit√°rias s√£o 'baboseiras da esquerda‚Äù), que tinha o claro intuito de dar a entender que repudio e defino, deste modo, as lutas justas de determinados segmentos.",cirogomes
213,https://twitter.com/cirogomes,2022-09-06 11:06:16+00:00,33374761,"Por mais de seis horas, o UOL exibiu, ontem, uma manchete falsa que deturpava uma declara√ß√£o minha sobre excessos de esquerdismo identit√°rio na natimorta constitui√ß√£o chilena. Somente ap√≥s insist√™ncia da minha equipe, o portal fez uma errata e, depois, reescreveu a mat√©ria. üß∂",cirogomes
214,https://twitter.com/cirogomes,2022-09-06 00:00:38+00:00,33374761,Assista AO VIVO o nosso programa MESA 12 desta segunda-feira! LINK: https://t.co/4nozhWV5CW,cirogomes
215,https://twitter.com/cirogomes,2022-09-05 22:33:58+00:00,33374761,"@MarcelaMaeve Fico honrado com seu apoio, @MarcelaMaeve. ‚úäüáßüá∑ √â muito importante que todos analisem os projetos dos seus candidatos. Por isso tenho pedido: votem nas ideias. N√£o adianta acreditar em salvadores da p√°tria ou que os problemas do Brasil ser√£o resolvidos com personalismo.",cirogomes
216,https://twitter.com/cirogomes,2022-09-05 22:00:41+00:00,33374761,"Assista mais uma edi√ß√£o do nosso DI√ÅRIO DE CAMPANHA na #CiroTV e veja toda a movimenta√ß√£o de Ciro e Ana Paula pelo Brasil. Entramos no ar √†s 19h, n√£o perca! LINK: https://t.co/4nozhWV5CW",cirogomes
217,https://twitter.com/cirogomes,2022-09-05 20:32:10+00:00,33374761,"Com a ‚Äúdegusta√ß√£o experimental‚Äù, a Febraban provavelmente j√° sabe os dados de todos os brasileiros com CPF, para fazer o uso que bem quiser. Na verdade, √© crime reincidente. Lembram a hist√≥ria do cr√©dito consignado do Aux√≠lio Brasil? O MPF j√° est√° apurando.",cirogomes
218,https://twitter.com/cirogomes,2022-09-05 20:32:09+00:00,33374761,"Os canalhas deram o nome de ‚Äúdegusta√ß√£o experimental‚Äù a esta a√ß√£o criminosa. Quem est√° por tr√°s deste crime? Quanto lucraram com isto? Em um governo s√©rio era para cair toda c√∫pula do Minist√©rio, e em um pa√≠s obediente √†s leis era para todo mundo ir para a cadeia. (‚Ä¶)",cirogomes
219,https://twitter.com/cirogomes,2022-09-05 20:32:09+00:00,33374761,"CRIME HEDIONDO! O Minist√©rio da Economia, do not√≥rio Paulo Guedes, cometeu em sil√™ncio um dos maiores crimes deste pa√≠s contra a privacidade e independ√™ncia financeira dos cidad√£os. Entregou dados biom√©tricos e biogr√°ficos dos brasileiros aos bancos. üß∂",cirogomes
220,https://twitter.com/cirogomes,2022-09-05 19:23:59+00:00,33374761,Estamos AO VIVO no Vira Voto da #CiroTV üé•üòÑ Acompanhe: https://t.co/4nozhWV5CW,cirogomes
221,https://twitter.com/cirogomes,2022-09-05 19:11:18+00:00,33374761,"Foca na economia! üòÑü¶≠
Gostaram da minha participa√ß√£o no @programapanico ? https://t.co/sNhkG7msoi",cirogomes
222,https://twitter.com/cirogomes,2022-09-05 18:52:25+00:00,33374761,Ciro explica o que est√° errado no Brasil e fala sobre as semelhan√ßas entre Bolsonaro e Lula. #CiroNoPanico https://t.co/K2e0L5qJ3O,cirogomes
223,https://twitter.com/cirogomes,2022-09-05 18:43:37+00:00,33374761,"Ciro afirma que s√≥ quer ser presidente do Brasil se for para mudar tudo o que est√° errado: ""por isso que alguns partidos tradicionais n√£o me apoiam - eles todos est√£o agarrados na manuten√ß√£o desse mesmo sistema"". #CiroNoPanico https://t.co/nEj2eq3aVT",cirogomes
224,https://twitter.com/cirogomes,2022-09-05 17:11:24+00:00,33374761,Ciro alerta para os perigos da polariza√ß√£o e da manuten√ß√£o do mesmo modelo econ√¥mico e de governan√ßa: ‚Äúa ci√™ncia da insanidade √© repetir as mesmas coisas e esperar resultados diferentes.‚Äù #CiroNoPanico https://t.co/DuFejJPv42,cirogomes
225,https://twitter.com/cirogomes,2022-09-05 16:55:37+00:00,33374761,"Cinco brasileiros acumulam renda dos 100 milh√µes de brasileiros mais pobres e de classe m√©dia. Isso mudou com o Bolsonaro? N√£o. E est√° se agravando porque atr√°s da ret√≥rica, √© o mesmo modelo econ√¥mico. #CiroNoPanico",cirogomes
226,https://twitter.com/cirogomes,2022-09-05 16:55:37+00:00,33374761,"O que est√° errado no Brasil, est√° errado para privilegiar um punhado de institui√ß√µes que protegem um dos mais perversos pactos de concentra√ß√£o de renda da hist√≥ria.",cirogomes
227,https://twitter.com/cirogomes,2022-09-05 16:53:19+00:00,33374761,"Eu estou com @AnaPaulaMatosBA, professora, advogada, petroleira e nossa futura vice-presidente. Eu brinco que n√≥s fomos separados na maternidade, tamanha a afinidade e converg√™ncia de nossas ideias. √â a uni√£o das nossas experi√™ncias que vai transformar o Brasil!",cirogomes
228,https://twitter.com/cirogomes,2022-09-05 16:50:11+00:00,33374761,Veja a previs√£o de Ciro em rela√ß√£o ao crescimento econ√¥mico e seu coment√°rio sobre as mentiras eleitorais de Bolsonaro. #CiroNoP√¢nico https://t.co/LTO98CnOv4,cirogomes
229,https://twitter.com/cirogomes,2022-09-05 16:40:47+00:00,33374761,"Fui governador e n√£o morei em pal√°cio. Fui ministro e n√£o usei cart√£o corporativo. A pol√≠tica n√£o √© e nunca ser√° meu meio de vida pra ganhar dinheiro, como √© de muitos. Estou na pol√≠tica com a √∫nica raz√£o de mudar a vida do nosso povo.",cirogomes
230,https://twitter.com/cirogomes,2022-09-05 16:38:50+00:00,33374761,Chega de passar pano pra corrupto de estima√ß√£o. Chega de denunciar os erros de um e ignorar ou relativizar os erros de outro. √â urgente a necessidade de corre√ß√£o e moralidade na cadeira da presid√™ncia.,cirogomes
231,https://twitter.com/cirogomes,2022-09-05 16:34:56+00:00,33374761,Ciro faz um breve resumo da hist√≥ria pol√≠tica brasileira e afirma: ‚Äúpra mim a pol√≠tica n√£o √© meio de vida e eu s√≥ quero ser presidente se for para mudar a hist√≥ria do Brasil‚Äù. #CiroNoPanico https://t.co/Via7SRSDHj,cirogomes
232,https://twitter.com/cirogomes,2022-09-05 16:24:14+00:00,33374761,"Outro dado: 50 milh√µes de brasileiros est√£o indo pra velhice sem nenhuma cobertura previdenci√°ria. Se eu tiver a honra de ser presidente, vamos resolver juntos e com seriedade esses grandes problemas. #CiroNoPanico",cirogomes
233,https://twitter.com/cirogomes,2022-09-05 16:24:13+00:00,33374761,"Eu sou o √∫nico candidato que est√° propondo uma mudan√ßa no modelo econ√¥mico e no modelo de governan√ßa pol√≠tica. O atual modelo est√° gerando desastres: 70 de cada 100 brasileiros est√£o no desalento, desempregados ou na informalidade.",cirogomes
234,https://twitter.com/cirogomes,2022-09-05 16:06:35+00:00,33374761,"Eu n√£o sou pego no contrap√© porque sou honesto. Bolsonaro vem falando da economia, por√©m, anote o que estou dizendo: a economia brasileira vai entrar em 2023 em depress√£o com esta taxa de juros de 13,75%, mais alta do que a rentabilidade m√©dia dos neg√≥cios. Eu conhe√ßo esse filme.",cirogomes
235,https://twitter.com/cirogomes,2022-09-05 15:58:29+00:00,33374761,Ciro fala sobre a rela√ß√£o entre lutas identit√°rias e a grande luta contra a supera√ß√£o da mis√©ria e das desigualdades. #CiroNoPanico https://t.co/wFk3RQHfOl,cirogomes
236,https://twitter.com/cirogomes,2022-09-05 15:54:17+00:00,33374761,"N√£o √© poss√≠vel defender o indefens√°vel. Em qualquer pa√≠s s√©rio, a compra de mais de 50 im√≥veis com dinheiro em esp√©cie ou a compra de toneladas de cloroquina com 700% de superfaturamento seria motivo de imensa e un√¢nime indigna√ß√£o por todos. #CiroNoP√¢nico",cirogomes
237,https://twitter.com/cirogomes,2022-09-05 15:48:12+00:00,33374761,"Bolsonaro se elegeu denunciando a corrup√ß√£o do PT, mas aderiu ao centr√£o. Eu estou dizendo ao povo brasileiro: vote nas minhas ideias. N√£o adianta acreditar em salvadores da p√°tria. √â preciso que n√≥s transformemos as elei√ß√µes em um plebiscito de ideais.",cirogomes
238,https://twitter.com/cirogomes,2022-09-05 15:37:27+00:00,33374761,Mas essa luta identit√°ria tem que ser feita na luta maior da supera√ß√£o da mis√©ria e das desigualdades. #CiroNoP√¢nico,cirogomes
239,https://twitter.com/cirogomes,2022-09-05 15:37:27+00:00,33374761,As mulheres comandaram 2/3 do or√ßamento dos meus governos. Portanto o compromisso real √© empoderar as mulheres. Tenho todo um conjunto de pol√≠ticas que entendem tamb√©m que o Brasil ainda paga 75% a um negro do que paga a um branco pelo mesmo trabalho e mesma jornada.,cirogomes
240,https://twitter.com/cirogomes,2022-09-05 15:33:52+00:00,33374761,Em√≠lio Surita fala sobre a falta de projeto de muitos pol√≠ticos e Ciro explica como o sistema atua pra desacelerar e desmoralizar a pol√≠tica. #CiroNoPanico https://t.co/nJ05Nbw3Se,cirogomes
241,https://twitter.com/cirogomes,2022-09-05 15:29:06+00:00,33374761,A minha diferen√ßa √© que eu tenho esp√≠rito p√∫blico e me guio por ele. Pra mim a pol√≠tica n√£o √© meio de vida e eu s√≥ quero ser presidente se for para mudar a hist√≥ria do Brasil.,cirogomes
242,https://twitter.com/cirogomes,2022-09-05 15:14:54+00:00,33374761,"O pre√ßo do feij√£o, da passagem do √¥nibus, a qualidade da sa√∫de e da educa√ß√£o. S√≥ a pol√≠tica pode desestabilizar o que est√° dando errado e come√ßar algo completamente novo. E √© nisso que estou apostando. #CiroNoP√¢nico",cirogomes
243,https://twitter.com/cirogomes,2022-09-05 15:14:54+00:00,33374761,"Tudo √© pol√≠tica, por mais que as pessoas tenham tomado nojo. E eu compreendo. Os jovens, por exemplos, veem a pol√≠tica como espa√ßo de privil√©gio, de mentira, de engana√ß√£o. Mas a gente precisa trazer de volta a compreens√£o de que TUDO √© pol√≠tica.",cirogomes
244,https://twitter.com/cirogomes,2022-09-05 15:04:43+00:00,33374761,"Estamos AO VIVO no @programapanico! Acompanhe e participe com a hashtag #CiroNoP√¢nico üëá

https://t.co/HymYIxx0Yu https://t.co/chghpLKBHc",cirogomes
245,https://twitter.com/cirogomes,2022-09-05 14:21:17+00:00,33374761,"Programa eleitoral e inser√ß√µes de TV: https://t.co/QMYUNcMbSW

Live Drible de Mestre: https://t.co/FEZ6z1xAz1

Live Vira Voto: https://t.co/zabO7CTPdo

Live Mesa 12: https://t.co/wlG87M1oPq

Di√°rio de Campanha: https://t.co/FxiG4v87Ds",cirogomes
246,https://twitter.com/cirogomes,2022-09-05 14:21:16+00:00,33374761,"Isto a√≠ minha gente, sigam este exemplo do grande @ChopeComPasTheo. Nenhum candidato est√° apresentando programas como os nossos. Como s√≥ temos 52 segundos na TV, eles est√£o todos na https://t.co/azPKEpkFfH e nas playlists do Youtube. Compartilhe com a turma! üß∂üëá https://t.co/QbyScuxWO2",cirogomes
247,https://twitter.com/cirogomes,2022-09-05 13:30:24+00:00,33374761,"Gente boa, se liga no recado: hoje, a partir de 12h, temos um encontro no @programapanico. Esta √© mais uma oportunidade de mostrar ao Brasil que aqui tem PROJETO, EXPERI√äNCIA e FICHA LIMPA! #CiroNoPanico https://t.co/R3Rr6wavwD",cirogomes
248,https://twitter.com/cirogomes,2022-09-05 11:53:30+00:00,33374761,Assista ao programa completo do √∫ltimo s√°bado https://t.co/TXUe7Gm87o e veja mais detalhes sobre o projeto.,cirogomes
249,https://twitter.com/cirogomes,2022-09-05 11:51:58+00:00,33374761,"üëÜ Neste trecho do programa de s√°bado, @AnaPaulaMatosBA explica de um jeito bem did√°tico como faremos pra facilitar a vida de mais de 66 milh√µes de brasileiros e 6 milh√µes de empresas que est√£o endividadas.",cirogomes
250,https://twitter.com/cirogomes,2022-09-05 11:51:01+00:00,33374761,"Tem candidato por a√≠ copiando nossa proposta de limpar o nome das pessoas e das empresas que est√£o no SPC/Serasa, sem sequer dizer como vai fazer ‚Äì o dito ‚Äòcandidato Kinder Ovo‚Äô...üëÄüß∂ https://t.co/b8A8DoDbgy",cirogomes
251,https://twitter.com/cirogomes,2022-09-05 10:00:09+00:00,33374761,"N√£o acho uma mera coincid√™ncia que hoje, 5 de setembro, seja o Dia da Amaz√¥nia. Comemorar a floresta na antev√©spera do Dia da Independ√™ncia √© um sinal poderoso de que nela reside parte importante do nosso futuro e da nossa soberania. Todos Unidos pela Amaz√¥nia! https://t.co/Zu5siRaej1",cirogomes
252,https://twitter.com/cirogomes,2022-09-04 21:21:18+00:00,33374761,Acompanhe AO VIVO a festa de inaugura√ß√£o da #CasaCiro12 na https://t.co/4nozhWV5CW https://t.co/Qx8uwP8IvF,cirogomes
253,https://twitter.com/cirogomes,2022-09-04 21:20:57+00:00,33374761,GIRO DO CIRO - INAUGURA√á√ÉO DA CASA CIRO 12 | S√ÉO PAULO/SP | 04/09/2022 https://t.co/dlApXqQsBk,cirogomes
254,https://twitter.com/cirogomes,2022-09-04 19:48:15+00:00,33374761,"E pra quem ainda n√£o t√° sabendo, na nossa l√≠der de audi√™ncia, a live Drible de Mestre (todas as ter√ßas, quintas e s√°bados √†s 20h45), Ciro apresenta nosso programa eleitoral completo (de 5 minutos) e debate, a cada dia, com a comunidade de bairros populares de cidades diferentes.",cirogomes
255,https://twitter.com/cirogomes,2022-09-04 19:48:15+00:00,33374761,"Teremos muitas novidades na programa√ß√£o da #CiroTv, que devem aumentar ainda mais as visualiza√ß√µes ‚Äì rivalizando com as campe√£s Drible de Mestre, Vira Voto e Mesa 12. üëÄ",cirogomes
256,https://twitter.com/cirogomes,2022-09-04 19:48:14+00:00,33374761,"VOC√ä SABIA QUE A MAIOR CONCORRENTE DA GLOBO HOJE √â A https://t.co/4nozhWV5CW ? üé•üòÑ

Ent√£o se liga no recado da /ADM üëá https://t.co/HJJNz10aaz",cirogomes
257,https://twitter.com/cirogomes,2022-09-04 19:33:11+00:00,33374761,"Antes de ver o v√≠deo, me responda: voc√™ sabe quanto uma pessoa que toma R$ 100 emprestados vai pagar daqui a 5 anos com os juros praticados no Brasil? Veja neste trecho do nosso quarto programa eleitoral ‚Äì eu garanto que a resposta vai lhe surpreender! https://t.co/78DTlUaZkU",cirogomes
258,https://twitter.com/cirogomes,2022-09-04 18:10:53+00:00,33374761,üöÄ https://t.co/iU6IFPc5aN,cirogomes
259,https://twitter.com/cirogomes,2022-09-04 17:40:39+00:00,33374761,GIRO DO CIRO - ENCONTRO COM MULHERES EM UBERL√ÇNDIA/MG | 04/09/2022 https://t.co/tqQo3vphG4,cirogomes
260,https://twitter.com/cirogomes,2022-09-04 16:44:25+00:00,33374761,"√â HOJE, TURMA BOA! Convido todo mundo pra inaugura√ß√£o da nossa CASA CIRO 12, a partir das 17h, em S√£o Paulo. Pra quem n√£o puder ir, fique ligado que vamos fazer a cobertura completa aqui nas redes e na https://t.co/4nozhWV5CW üé•üòÉ #CasaCiro12 https://t.co/E4eiy5SlcB",cirogomes
261,https://twitter.com/cirogomes,2022-09-04 15:09:21+00:00,33374761,Por isso estamos propondo a Lei Antigan√¢ncia e o refinanciamento das d√≠vidas dos brasileiros. Conhe√ßa essa e outras propostas no nosso site oficial: https://t.co/mwjKFNckoh,cirogomes
262,https://twitter.com/cirogomes,2022-09-04 15:08:51+00:00,33374761,"Vamos enfrentar a agiotagem oficial e os juros que est√£o humilhando n√£o s√≥ os mais de 66 milh√µes de brasileiros que est√£o com o nome no SPC/Serasa, mas tamb√©m 6 milh√µes de empresas que est√£o quase falindo. https://t.co/Tmr8XTFXeb",cirogomes
263,https://twitter.com/cirogomes,2022-09-04 14:05:43+00:00,33374761,GIRO DO CIRO - CAMINHADA EM ALFENAS/MG | 04/09/2022 https://t.co/8ZilL2fFaY,cirogomes
264,https://twitter.com/cirogomes,2022-09-04 12:04:25+00:00,33374761,"Estas tend√™ncias que come√ßam agora a se refletir nos n√∫meros, j√° vinham se insinuando h√° tempo nas pesquisas qualitativas. Mas nos √∫ltimos dias, as ‚Äúqualis‚Äù est√£o emitindo alertas ainda mais vigorosos. Segurem os nervos: teremos um final eletrizante de campanha! ‚úäüöÄ",cirogomes
265,https://twitter.com/cirogomes,2022-09-04 12:04:24+00:00,33374761,A perda de subst√¢ncia de Lula e Bolsonaro vai se acentuar e afrouxar a corda da tal polariza√ß√£o que foi esticada artificialmente  pela enxurrada de pesquisas prematuras e a superficialidade e despreparo de muitos analistas. (‚Ä¶),cirogomes
266,https://twitter.com/cirogomes,2022-09-04 12:04:23+00:00,33374761,"Mas Bolsonaro n√£o pode bater tambor. Estes votos n√£o est√£o indo majoritariamente para ele, mas se distribuindo entre outros candidatos, em especial para Ciro. Isso ficar√° cada vez mais claro a partir de agora. (‚Ä¶)",cirogomes
267,https://twitter.com/cirogomes,2022-09-04 12:04:23+00:00,33374761,A diferen√ßa entre Lula e Bolsonaro caiu 10 pontos de maio at√© setembro. Lula perdeu 10% entre os jovens. 9% entre os negros. 6% no Sul e 3% no Sudeste. 9% na classe A. 3% entre quem tem curso superior e 2% no m√©dio. (‚Ä¶),cirogomes
268,https://twitter.com/cirogomes,2022-09-04 12:04:22+00:00,33374761,A √∫ltima DataFolha come√ßa a indicar o que estamos dizendo h√° tempos: Ciro √© o candidato potencialmente mais forte para enfrentar Bolsonaro no 2¬∫ turno. Os sinais do enfraquecimento de Lula tornam-se cada vez mais evidentes. üß∂üëá,cirogomes
269,https://twitter.com/cirogomes,2022-09-04 01:30:08+00:00,33374761,"Veja nosso quarto programa eleitoral completo, que foi exibido h√° pouco na https://t.co/4nozhWV5CW. Voc√™ vai ficar sabendo tudo sobre a Lei Antigan√¢ncia e a renegocia√ß√£o das d√≠vidas que vai limpar o nome de todo mundo que est√° no SPC e no Serasa. #CiroPresidente12 https://t.co/r0nY3pDYIx",cirogomes
270,https://twitter.com/cirogomes,2022-09-04 00:09:47+00:00,33374761,Todo mundo ON na https://t.co/4nozhWV5CW ? üòÉüé• https://t.co/IzrpObtjKu,cirogomes
271,https://twitter.com/cirogomes,2022-09-03 23:32:25+00:00,33374761,LIVE DE EXIBI√á√ÉO DO QUARTO PROGRAMA ELEITORAL CIRO PRESIDENTE 12 | BELO HORIZONTE/MG | 03/09/2022 https://t.co/qmEl0J1nRP,cirogomes
272,https://twitter.com/cirogomes,2022-09-03 22:20:29+00:00,33374761,"Fala, pessoal! Passando pra lembrar que logo mais, √†s 20h45, entramos AO VIVO na https://t.co/4nozhWV5CW pra exibir nosso programa eleitoral completo e interagir bastante com voc√™s. Mandem suas d√∫vidas e outros coment√°rios pra Ciro, @gisellebezerra e @AnaPaulaMatosBA üëá",cirogomes
273,https://twitter.com/cirogomes,2022-09-03 21:05:37+00:00,33374761,√â doloroso acreditar que cena t√£o chocante aconte√ßa no nosso Brasil. Imposs√≠vel algu√©m assistir este v√≠deo e n√£o se sentir um beb√™ desprotegido ou uma m√£e em desespero. Puni√ß√£o rigorosa para este monstro! https://t.co/aBtM032oxN,cirogomes
274,https://twitter.com/cirogomes,2022-09-03 20:21:59+00:00,33374761,"Hoje temos mais um encontro AO VIVO na #CiroTV ‚Äì diretamente do Aglomerado da Serra, em Belo Horizonte! Acompanhe a transmiss√£o do nosso quarto programa eleitoral completo, com direito a muitos reacts, intera√ß√£o com quem estiver participando e muito mais. Espero voc√™s √†s 20h45! https://t.co/gNh55KHQ5W",cirogomes
275,https://twitter.com/cirogomes,2022-09-03 19:06:03+00:00,33374761,"O que bota uma na√ß√£o pra frente √© o trabalho decentemente remunerado. E voc√™s v√£o ver que o meu programa vai gerar 5 milh√µes de empregos em dois anos porque meu compromisso √© n√£o apenas derrotar a pobreza, mas tamb√©m fortalecer a economia e gerar empregos com sal√°rios dignos.",cirogomes
276,https://twitter.com/cirogomes,2022-09-03 19:06:02+00:00,33374761,"Sobre a quest√£o da suposta pregui√ßa e falta de vontade de trabalhar, quero dizer que essa √© uma vis√£o muito equivocada. A ideia do projeto √© banir a pobreza, a mis√©ria e erradicar a fome no Brasil.",cirogomes
277,https://twitter.com/cirogomes,2022-09-03 19:06:02+00:00,33374761,"E a √∫nica campanha que prop√µe consertar essa conta √© a nossa. Ent√£o, que fique bem claro: vamos reajustar o sal√°rio-m√≠nimo sempre acima da infla√ß√£o.",cirogomes
278,https://twitter.com/cirogomes,2022-09-03 19:06:01+00:00,33374761,"Aqui, fa√ßo um primeiro questionamento: qual √© a explica√ß√£o pro Brasil, maior economia da Am√©rica Latina, ter o segundo pior sal√°rio da regi√£o, s√≥ ganhando da Venezuela? A explica√ß√£o disso √© a conta do governo, que t√° quebrada.",cirogomes
279,https://twitter.com/cirogomes,2022-09-03 19:06:01+00:00,33374761,"Sobre a quest√£o do sal√°rio m√≠nimo, quero come√ßar reafirmando: o programa de Renda M√≠nima n√£o vem pra rivalizar com o sal√°rio. Ele vem pra COMPLEMENTAR a renda da fam√≠lia.",cirogomes
280,https://twitter.com/cirogomes,2022-09-03 19:06:00+00:00,33374761,"A primeira √© sobre o aumento do sal√°rio m√≠nimo e a segunda √© sobre as chances do aux√≠lio ‚Äì que ser√° permanente ‚Äì acabar estimulando a ‚Äúpregui√ßa e a falta de vontade de trabalhar‚Äù. Bom, vamos por partes.",cirogomes
281,https://twitter.com/cirogomes,2022-09-03 19:06:00+00:00,33374761,Tem duas perguntas sobre nosso RENDA M√çNIMA DE R$ 1.000 que t√™m aparecido com frequ√™ncia aqui nas redes e por onde a gente tem andado. üß∂üëá,cirogomes
282,https://twitter.com/cirogomes,2022-09-03 18:01:48+00:00,33374761,"At√© agora nos limitamos a apontar as boas not√≠cias para Ciro, deixando de lado as nuvens que amea√ßam as campanhas de Lula e Bolsonaro. Voc√™ gostaria que a gente falasse delas tamb√©m? Responda a√≠. üí¨",cirogomes
283,https://twitter.com/cirogomes,2022-09-03 18:01:47+00:00,33374761,"Como Ciro est√° em ritmo de crescimento, enquanto eles patinam, e tem tamb√©m o menor √≠ndice de rejei√ß√£o, significa que ele √© o candidato que pode crescer mais. üìà",cirogomes
284,https://twitter.com/cirogomes,2022-09-03 18:01:47+00:00,33374761,"O potencial de voto de Ciro varia de 51% a 55%. O de Lula vai de 54% a 59%, um empate t√©cnico cravado. E o de Bolsonaro n√£o passa de 40%. O que isso significa? üëÄ",cirogomes
285,https://twitter.com/cirogomes,2022-09-03 18:01:46+00:00,33374761,"Pois bem, o mais espetacular vamos dizer agora: Ciro tem maior potencial de voto que Bolsonaro, empata neste item com Lula e tem rejei√ß√£o menor que os dois. üìä",cirogomes
286,https://twitter.com/cirogomes,2022-09-03 18:01:46+00:00,33374761,"Lembra dos posts anteriores em que apontamos os indicadores fabulosos, em favor de Ciro, que est√£o nas camadas ocultas do DataFolha e de pesquisas recentes? (Se n√£o lembra, procure a√≠ na sua timeline) üß∂ https://t.co/7nw6KCyWgz",cirogomes
287,https://twitter.com/cirogomes,2022-09-03 16:04:41+00:00,33374761,Confira o programa que foi ao ar √†s 13h e n√£o perca a vers√£o completa ‚Äì que vamos exibir AO VIVO na live de 20h45 da https://t.co/4nozhWV5CW.,cirogomes
288,https://twitter.com/cirogomes,2022-09-03 16:01:48+00:00,33374761,"No programa eleitoral de hoje, falamos sobre duas das nossas principais propostas: a Lei Antigan√¢ncia e a renegocia√ß√£o das d√≠vidas que vai limpar o nome de todo mundo que est√° no SPC e no Serasa. https://t.co/bm7R60zDgJ",cirogomes
289,https://twitter.com/cirogomes,2022-09-03 13:57:18+00:00,33374761,GIRO DO CIRO - CAMINHADA NO CENTRO DE SERRA | SERRA/SP | 03/09/2022 https://t.co/vVGGXn2dRQ,cirogomes
290,https://twitter.com/cirogomes,2022-09-03 13:18:46+00:00,33374761,Isso nos leva √† conclus√£o mais espetacular - mas vamos deixar voc√™s com gostinho de ‚Äòquero mais‚Äô e s√≥ apresent√°-la daqui a pouco!,cirogomes
291,https://twitter.com/cirogomes,2022-09-03 13:18:46+00:00,33374761,"Se examinarmos outras pesquisas  confi√°veis, vemos indicadores ainda mais importantes: a rejei√ß√£o do Ciro oscila de 16% a 24%; contra 39% a 42% de Lula e 45%  a 56% de Bolsonaro.",cirogomes
292,https://twitter.com/cirogomes,2022-09-03 12:13:47+00:00,33374761,"Mesmo fazendo uma campanha cr√≠tica e vigorosa, os √≠ndices de rejei√ß√£o do Ciro v√™m baixando de forma consistente e acelerada, em todos os segmentos. No DataFolha ele agora tem uma  rejei√ß√£o de apenas 24% - menor que a de Lula, que subiu para 39%.",cirogomes
293,https://twitter.com/cirogomes,2022-09-03 12:13:27+00:00,33374761,"Aten√ß√£o, muita aten√ß√£o! ‚ö†Ô∏è para os que se surpreenderam com as an√°lises bastante positivas para o Ciro de cortes por segmentos do DataFolha. Aten√ß√£o, muita aten√ß√£o, porque o melhor vem agora! üëÄüß∂ https://t.co/mOYpNHr4fQ",cirogomes
294,https://twitter.com/cirogomes,2022-09-03 00:01:20+00:00,33374761,Estamos AO VIVO em mais uma edi√ß√£o da nossa MESA 12 na #CiroTV! Acompanhe pelo https://t.co/4nozhWV5CW https://t.co/jJvfTF5pW0,cirogomes
295,https://twitter.com/simonetebetbr,2022-09-08 22:54:30+00:00,2508415207,"N√£o bastasse a falta de transpar√™ncia, agora o or√ßamento secreto ter√° seus valores liberados antes das elei√ß√µes. Fica o mist√©rio: o que motiva o presidente a liberar verba com tanta rapidez a poucos dias das elei√ß√µes?
https://t.co/L1ZhBwC4v8",simonetebetbr
296,https://twitter.com/simonetebetbr,2022-09-08 22:36:28+00:00,2508415207,"Que trag√©dia! 11 pessoas faleceram, e 8 est√£o desaparecidas, ap√≥s uma embarca√ß√£o clandestina naufragar na Ilha de Cotijuba, em Bel√©m/PA. Meus sentimentos √†s fam√≠lias das v√≠timas. For√ßa ao governador @helderbarbalho.
https://t.co/4D8rvEYdx9",simonetebetbr
297,https://twitter.com/simonetebetbr,2022-09-08 17:57:51+00:00,2508415207,"como modelo num mundo em que valores como estes t√™m sido cada vez mais aviltados, como vem acontecendo, infelizmente, em nosso pa√≠s. Em suas pr√≥prias palavras: ‚ÄúForam as mulheres que inspiraram gentileza e cuidado no duro progresso da humanidade.‚Äù Descanse em paz.",simonetebetbr
298,https://twitter.com/simonetebetbr,2022-09-08 17:57:50+00:00,2508415207,"A rainha Elizabeth II √© exemplo de lideran√ßa feminina que, ao longo de d√©cadas, serviu como ponto de equil√≠brio de uma na√ß√£o poderosa como o Reino Unido. Modelo de estabilidade, de conviv√™ncia respeitosa entre institui√ß√µes de Estado. Sua vida, seus atos, sua trajet√≥ria servem +",simonetebetbr
299,https://twitter.com/simonetebetbr,2022-09-08 14:42:56+00:00,2508415207,"Isto √© fruto da fraca pol√≠tica ambiental do nosso pa√≠s e aus√™ncia de √≥rg√£os fiscalizadores no local. N√£o podemos aceitar! Para sermos um pa√≠s verdadeiramente independente, precisamos salvar e preservar a Amaz√¥nia, o maior patrim√¥nio brasileiro.
https://t.co/cXMwn2rpBi",simonetebetbr
300,https://twitter.com/simonetebetbr,2022-09-08 14:42:55+00:00,2508415207,"Na semana em que comemoramos o Dia da Amaz√¥nia, e no Dia da nossa Independ√™ncia, foram registrados mais de 18 mil focos de inc√™ndio na nossa Floresta em uma semana, totalizando 64 mil apenas neste ano. A Amaz√¥nia est√° sendo queimada √† luz do dia. +",simonetebetbr
301,https://twitter.com/simonetebetbr,2022-09-07 21:47:39+00:00,2508415207,Se recordar √© viver‚Ä¶ https://t.co/qMBzArM35E,simonetebetbr
302,https://twitter.com/simonetebetbr,2022-09-07 21:45:29+00:00,2508415207,"O ataque do presidente √† jornalista @veramagalhaes, durante o debate na Band, inflamou seus apoiadores, que a perseguem incansavelmente. Mais uma vez, uma mulher sendo alvo de Bolsonaro. Minha solidariedade a voc√™, Vera! √â preciso trocar de presidente. https://t.co/bkZumyR3i9",simonetebetbr
303,https://twitter.com/simonetebetbr,2022-09-07 19:47:27+00:00,2508415207,"O Museu do Ipiranga foi reinaugurado neste 7 de setembro. N√£o poderia ser em uma data mais simb√≥lica do que esta. Um museu que eterniza a hist√≥ria do nosso Brasil! Parab√©ns, @jdoriajr, pela iniciativa e por acreditar no Brasil! https://t.co/VVYVwDe0tl",simonetebetbr
304,https://twitter.com/simonetebetbr,2022-09-07 17:54:00+00:00,2508415207,"21 milh√µes de brasileiros prejudicados pelo corte de 59% no or√ßamento da Farm√°cia Popular em 2023. Redu√ß√£o de R$ 1,2 bi comparado ao or√ßamento deste ano. Corta daqui e dali, e o or√ßamento secreto s√≥ aumenta. E o povo? Segue sem comida, sa√∫de e dignidade.
https://t.co/bU9XcS1UVj",simonetebetbr
305,https://twitter.com/simonetebetbr,2022-09-07 15:45:52+00:00,2508415207,"Al√©m de p√°ria internacional devido √† falta de seguran√ßa e estabilidade pol√≠tica, agora o pa√≠s tamb√©m vira motivo de chacota pelas falas machistas do seu l√≠der, que deveria dar exemplo. O Brasil n√£o merece o governo que tem!

https://t.co/fZkC2mWF9Q",simonetebetbr
306,https://twitter.com/simonetebetbr,2022-09-07 15:45:51+00:00,2508415207,"Vergonhoso e pat√©tico! No dia da Independ√™ncia do Brasil, o Presidente mostra todo seu desprezo pelas mulheres e sua masculinidade t√≥xica e infantil. Como brasileira e mulher, me sinto envergonhada e desrespeitada. +",simonetebetbr
307,https://twitter.com/simonetebetbr,2022-09-07 13:48:32+00:00,2508415207,"Comida na mesa, educa√ß√£o de qualidade, emprego, renda e lazer. Neste 7 de setembro, reafirmo nosso compromisso em reduzir as desigualdades, erradicar a mis√©ria e acabar com a fome. Vida digna a todos! Com amor e coragem, vamos mudar o Brasil de verdade!",simonetebetbr
308,https://twitter.com/simonetebetbr,2022-09-07 13:48:19+00:00,2508415207,"√Äs margens do rio Ipiranga, nascia um sonho de liberdade. De um novo Brasil, independente, de todos e para todos. 200 anos se passaram, e vemos que a independ√™ncia ainda √© um sonho a ser atingido. Um pa√≠s, para ser independente, precisa garantir cidadania ao seu povo. +",simonetebetbr
309,https://twitter.com/simonetebetbr,2022-09-06 21:30:19+00:00,2508415207,"""A m√£o que assina √© a mesma que aperta o gatilho."" Filme important√≠ssimo e pertinente do @isoudapaz.

https://t.co/PKax8WS6ra",simonetebetbr
310,https://twitter.com/simonetebetbr,2022-09-06 19:20:14+00:00,2508415207,"Me solidarizo com a jornalista @_AmandaKlein, v√≠tima de mais um ataque mis√≥gino do presidente, por fazer seu trabalho e questionar Bolsonaro sobre atividades suspeitas que envolvem ele e sua fam√≠lia. Por que tanto √≥dio das mulheres? O Presidente deve explica√ß√µes aos brasileiros.",simonetebetbr
311,https://twitter.com/simonetebetbr,2022-09-06 18:04:59+00:00,2508415207,"Quando perguntado sobre o que √© cidadania, Ulysses Guimar√£es respondeu, da forma mais bela, que cidad√£o √© aquele que come, sabe o abc, tem moradia, emprego, renda e lazer. √â poss√≠vel! O Brasil √© rico e tem condi√ß√µes de dar vida digna a todos os brasileiros. #SimonenaCB",simonetebetbr
312,https://twitter.com/simonetebetbr,2022-09-06 18:04:41+00:00,2508415207,"O maior projeto social que podemos fazer pelas crian√ßas e jovens √© garantir educa√ß√£o de qualidade. Como professora, n√£o vou sossegar enquanto o filho do pobre n√£o tiver o mesmo n√≠vel de ensino que o filho do rico. Educa√ß√£o ser√° pela primeira vez prioridade nacional. #SimonenaCB",simonetebetbr
313,https://twitter.com/simonetebetbr,2022-09-06 17:28:32+00:00,2508415207,"O Brasil ser√° exemplo de desenvolvimento sustent√°vel. Vamos investir em energia renov√°vel, dar autonomia aos √≥rg√£os de fiscaliza√ß√£o e controle da Amaz√¥nia e preservar nossas florestas. O Brasil ser√° respeitado novamente! #SimonenaCB",simonetebetbr
314,https://twitter.com/simonetebetbr,2022-09-06 17:24:09+00:00,2508415207,Vamos recriar o Minist√©rio Nacional da Seguran√ßa P√∫blica. Os governos estaduais n√£o conseguem controlar e combater o crime organizado sozinhos. Vamos integrar as pol√≠cias militares para combater o tr√°fico na fronteira brasileira. Vamos cortar o mal pela raiz. #SimonenaCB,simonetebetbr
315,https://twitter.com/simonetebetbr,2022-09-06 17:11:28+00:00,2508415207,"Sou candidata pela frente democr√°tica composta por @mdb_nacional, @psdboficial, @23cidadania e @podemos19. Precisamos trocar o presidencialismo de ataque pelo de concilia√ß√£o e paz. Nossa p√°tria n√£o ser√° de dedo no gatilho, mas de bra√ßos abertos a todos os brasileiros. #SimonenaCB",simonetebetbr
316,https://twitter.com/simonetebetbr,2022-09-06 17:11:02+00:00,2508415207,Por que a comida est√° cara? Por que a popula√ß√£o menos favorecida s√≥ tem arroz ou feij√£o na mesa? Porque a infla√ß√£o √© o maior imposto que o brasileiro paga. As pessoas v√£o ao mercado parcelar a compra da comida e se endividam. Vamos devolver a credibilidade do Brasil! #SimonenaCB,simonetebetbr
317,https://twitter.com/simonetebetbr,2022-09-06 17:10:53+00:00,2508415207,"A Ci√™ncia colocou a vacina no bra√ßo da popula√ß√£o. A tecnologia √© o que faz a ind√∫stria ser competitiva e gerar emprego. Inova√ß√£o √© o que precisamos para avan√ßar enquanto pa√≠s. √â preciso investir em ci√™ncia, tecnologia e inova√ß√£o para fazer o Brasil crescer. #SimonenaCB",simonetebetbr
318,https://twitter.com/simonetebetbr,2022-09-06 17:10:36+00:00,2508415207,"Dinheiro tem, mas lamentavelmente est√° indo para desvios da corrup√ß√£o. Falta transpar√™ncia. N√£o sabemos quais obras est√£o sendo executadas. N√£o podemos admitir mais que esse Brasil t√£o grande seja de poucos. Precisa ser de todos! #SimonenaCB",simonetebetbr
319,https://twitter.com/simonetebetbr,2022-09-05 23:00:37+00:00,2508415207,"Para isso, temos que recuperar os √≥rg√£os fiscalizadores, reestabelecer o Fundo Amaz√¥nia, al√©m de muitas outras medidas. Vamos dar condi√ß√µes de vida aos brasileiros que vivem na Amaz√¥nia e recuperar nosso maior ativo econ√¥mico, social e de biodiversidade.",simonetebetbr
320,https://twitter.com/simonetebetbr,2022-09-05 23:00:36+00:00,2508415207,"O desmatamento na Amaz√¥nia cresceu 29% em 2021, sendo o maior dos √∫ltimos 10 anos. 94% desses desmatamentos s√£o ilegais. √â a destrui√ß√£o do patrim√¥nio brasileiro. Precisamos acabar com a grilagem, garimpeiros e madeireiros ilegais, para recuperar nossa Floresta. +",simonetebetbr
321,https://twitter.com/simonetebetbr,2022-09-05 22:38:20+00:00,2508415207,"Para onde v√£o os recursos? Or√ßamento secreto e falta de transpar√™ncia impedem de termos respostas. A Uni√£o deve fortalecer os estados e munic√≠pios. Precisamos valorizar esses profissionais e assegurar sal√°rios adequados, com planejamento e comprometimento.
https://t.co/6DTcUz2LwS",simonetebetbr
322,https://twitter.com/simonetebetbr,2022-09-05 22:38:19+00:00,2508415207,"Lamento a decis√£o do Ministro Barroso pela suspens√£o do piso salarial de enfermagem. N√£o podemos ter mem√≥ria curta. Se estamos vivos, devemos aos profissionais de enfermagem, principais respons√°veis pela vacina no bra√ßo dos brasileiros. Dinheiro tem, mas falta planejamento. +",simonetebetbr
323,https://twitter.com/simonetebetbr,2022-09-05 16:40:31+00:00,2508415207,"O presidente tenta se apropriar da pauta como forma de mostrar que est√° atento aos direitos das pessoas e demandas da sa√∫de, quando, na verdade, o projeto e a luta n√£o s√£o seus. Sabemos a verdade, sabemos quem trabalha pelo Brasil. Parab√©ns √† deputada @carmen_zanotto!",simonetebetbr
324,https://twitter.com/simonetebetbr,2022-09-05 16:40:30+00:00,2508415207,"Grande conquista! Foi sancionado, sem vetos, o PL da enfermeira e deputada @carmen_zanotto que dispensa o aval do c√¥njuge para a realiza√ß√£o de esteriliza√ß√£o volunt√°ria (laqueadura e vasectomia). +",simonetebetbr
325,https://twitter.com/simonetebetbr,2022-09-05 16:08:24+00:00,2508415207,"Parab√©ns √†s brasileiras Laura e Camily, que criaram absorventes sustent√°veis de baixo custo e ganharam o Pr√™mio Jovem da √Ågua de Estocolmo. O Brasil muito bem representado por mulheres! Investimento em educa√ß√£o e ci√™ncia pode dar vida digna √†s pessoas.

https://t.co/LtTPDMswEW",simonetebetbr
326,https://twitter.com/simonetebetbr,2022-09-05 13:20:03+00:00,2508415207,"Meus parab√©ns √† @trussliz, nova primeira-ministra do Reino Unido. A terceira mulher a ocupar o cargo. As mulheres est√£o conquistando espa√ßos importantes no cen√°rio geopol√≠tico, algo important√≠ssimo para um mundo plural e com mais representatividade.",simonetebetbr
327,https://twitter.com/simonetebetbr,2022-09-05 12:42:48+00:00,2508415207,"Sua preserva√ß√£o depende de uma pol√≠tica ambiental estruturada com √≥rg√£os fiscalizadores fortes. Precisamos combater a grilagem, o desmatamento ilegal e preservar a Amaz√¥nia sobretudo. Queremos floresta em p√© para garantir a vida e o futuro das pr√≥ximas gera√ß√µes.",simonetebetbr
328,https://twitter.com/simonetebetbr,2022-09-05 12:42:47+00:00,2508415207,"A Amaz√¥nia √© nossa maior riqueza. Ela representa 10% da biomassa do planeta, ajuda a estabilizar o clima no mundo e √© nosso maior ativo econ√¥mico, social e de biodiversidade. Tal como ela √© nossa, temos uma grande responsabilidade para com ela. +",simonetebetbr
329,https://twitter.com/simonetebetbr,2022-09-04 02:57:54+00:00,2508415207,"Vivemos tempos dif√≠ceis. Nem nas igrejas se tem paz. O lugar onde deveria haver amor e toler√¢ncia, o √≥dio fez mais uma v√≠tima. Um homem foi baleado durante um culto em uma igreja evang√©lica por quest√µes pol√≠ticas. O Brasil precisa de paz!

https://t.co/YraNYTBQiT",simonetebetbr
330,https://twitter.com/simonetebetbr,2022-09-03 19:48:24+00:00,2508415207,"Ningu√©m est√° acima da lei. Nada contra a primeira-dama fazer campanha, mas tem que ser dentro da lei. Ali√°s, presid√™ncia deve ser lugar de exemplo.",simonetebetbr
331,https://twitter.com/simonetebetbr,2022-09-03 18:17:36+00:00,2508415207,https://t.co/Z4igglPtkm,simonetebetbr
332,https://twitter.com/simonetebetbr,2022-09-03 18:03:15+00:00,2508415207,"Lastim√°vel e criminosa a atitude do motorista de aplicativo em Limeira/SP, que agrediu e expulsou do ve√≠culo uma m√£e e seu beb√™. Que o agressor seja punido com rigor pelos seus atos, e a empresa do aplicativo, responsabilizada. √Ä v√≠tima, toda minha solidariedade.",simonetebetbr
